scan,angle_deg,range_m,quality
0,6.28,1.143,188
0,0.03,1.177,188
0,0.03,1.210,188
0,0.03,1.211,188
0,0.03,1.206,188
0,0.03,1.196,188
0,0.03,1.192,188
0,0.04,1.195,188
0,0.05,1.320,188
0,0.05,1.320,188
0,0.05,1.320,188
0,0.05,1.321,188
0,0.05,1.321,188
0,0.05,1.322,188
0,0.06,1.323,188
0,0.06,1.324,188
0,0.06,1.324,188
0,0.06,1.323,188
0,0.06,1.323,188
0,0.06,1.323,188
0,0.07,1.322,188
0,0.07,1.320,188
0,0.07,1.319,188
0,0.07,1.319,188
0,0.07,1.318,188
0,0.07,1.318,188
0,0.07,1.317,188
0,0.08,1.317,188
0,0.08,1.317,188
0,0.08,1.317,188
0,0.08,1.317,188
0,0.08,1.318,188
0,0.08,1.321,188
0,0.09,1.322,188
0,0.09,1.323,188
0,0.09,1.326,188
0,0.09,1.330,188
0,0.09,1.338,188
0,0.11,2.210,188
0,0.11,2.212,188
0,0.12,2.216,188
0,0.12,2.219,188
0,0.12,2.219,188
0,0.12,2.219,188
0,0.12,2.219,188
0,0.12,2.219,188
0,0.12,2.218,188
0,0.13,2.214,188
0,0.13,2.213,188
0,0.13,2.213,188
0,0.13,2.212,188
0,0.13,2.211,188
0,0.13,2.213,188
0,0.14,2.216,188
0,0.14,2.215,188
0,0.14,2.212,188
0,0.14,2.209,188
0,0.14,2.207,188
0,0.14,2.206,188
0,0.14,2.207,188
0,0.15,2.205,188
0,0.15,2.203,188
0,0.15,2.203,188
0,0.15,2.203,188
0,0.15,2.202,188
0,0.15,2.201,188
0,0.16,2.202,188
0,0.16,2.202,188
0,0.16,2.202,188
0,0.16,2.206,188
0,0.16,2.207,188
0,0.16,2.207,188
0,0.16,2.211,188
0,0.17,2.219,188
0,0.18,2.674,188
0,0.18,2.675,188
0,0.18,2.678,188
0,0.18,2.680,188
0,0.18,2.680,188
0,0.19,2.680,188
0,0.19,2.681,188
0,0.19,2.684,188
0,0.19,2.690,188
0,0.19,2.690,188
0,0.19,2.686,188
0,0.20,2.687,188
0,0.20,2.692,188
0,0.20,2.695,188
0,0.20,2.696,188
0,0.20,2.695,188
0,0.20,2.694,188
0,0.20,2.694,188
0,0.21,2.694,188
0,0.21,2.694,188
0,0.21,2.694,188
0,0.21,2.694,188
0,0.21,2.694,188
0,0.21,2.693,188
0,0.22,2.693,188
0,0.22,2.694,188
0,0.22,2.695,188
0,0.22,2.698,188
0,0.22,2.701,188
0,0.22,2.702,188
0,0.22,2.702,188
0,0.23,2.702,188
0,0.23,2.702,188
0,0.23,2.702,188
0,0.23,2.703,188
0,0.23,2.703,188
0,0.23,2.702,188
0,0.24,2.702,188
0,0.24,2.704,188
0,0.24,2.710,188
0,0.24,2.714,188
0,0.24,2.715,188
0,0.24,2.716,188
0,0.24,2.716,188
0,0.25,2.716,188
0,0.25,2.717,188
0,0.25,2.717,188
0,0.25,2.718,188
0,0.25,2.721,188
0,0.25,2.724,188
0,0.26,2.727,188
0,0.26,2.733,188
0,0.26,2.736,188
0,0.26,2.737,188
0,0.26,2.741,188
0,0.26,2.743,188
0,0.26,2.746,188
0,0.27,2.752,188
0,0.27,2.754,188
0,0.27,2.754,188
0,0.27,2.757,188
0,0.27,2.759,188
0,0.27,2.762,188
0,0.27,2.768,188
0,0.28,2.777,188
0,0.28,2.781,188
0,0.28,2.788,188
0,0.28,2.798,188
0,0.28,2.804,188
0,0.28,2.809,188
0,0.28,2.816,188
0,0.29,2.828,188
0,0.29,2.849,188
0,0.29,2.869,188
0,0.29,2.898,188
0,0.29,2.988,188
0,0.30,3.206,188
0,0.30,3.186,188
0,0.30,3.150,188
0,0.30,3.118,188
0,0.30,3.089,188
0,0.30,3.061,188
0,0.31,3.030,188
0,0.31,2.994,188
0,0.31,2.958,188
0,0.31,2.924,188
0,0.31,2.892,188
0,0.31,2.859,188
0,0.31,2.835,188
0,0.31,2.824,188
0,0.32,2.812,188
0,0.32,2.797,188
0,0.32,2.787,188
0,0.32,2.779,188
0,0.32,2.769,188
0,0.32,2.762,188
0,0.33,2.896,188
0,0.33,2.898,188
0,0.33,2.901,188
0,0.33,2.895,188
0,0.34,2.885,188
0,0.34,2.877,188
0,0.34,2.879,188
0,0.34,2.890,188
0,0.34,2.896,188
0,0.34,2.894,188
0,0.35,2.889,188
0,0.35,2.885,188
0,0.35,2.884,188
0,0.35,2.891,188
0,0.35,2.906,188
0,0.36,4.126,188
0,0.36,4.126,188
0,0.36,4.126,188
0,0.36,4.126,188
0,0.37,4.126,188
0,0.37,4.127,188
0,0.37,4.127,188
0,0.37,4.128,188
0,0.37,4.130,188
0,0.37,4.129,188
0,0.38,4.127,188
0,0.38,4.130,188
0,0.38,4.136,188
0,0.38,4.139,188
0,0.38,4.139,188
0,0.38,4.139,188
0,0.38,4.139,188
0,0.39,4.139,188
0,0.39,4.139,188
0,0.39,4.140,188
0,0.39,4.140,188
0,0.39,4.140,188
0,0.39,4.142,188
0,0.40,4.146,188
0,0.40,4.149,188
0,0.40,4.148,188
0,0.40,4.148,188
0,0.40,4.149,188
0,0.40,4.150,188
0,0.40,4.150,188
0,0.41,4.149,188
0,0.41,4.149,188
0,0.41,4.149,188
0,0.41,4.149,188
0,0.41,4.148,188
0,0.41,4.148,188
0,0.41,4.148,188
0,0.42,4.148,188
0,0.42,4.150,188
0,0.42,4.154,188
0,0.42,4.158,188
0,0.42,4.160,188
0,0.42,4.161,188
0,0.43,4.161,188
0,0.43,4.161,188
0,0.43,4.161,188
0,0.43,4.161,188
0,0.43,4.161,188
0,0.43,4.161,188
0,0.43,4.162,188
0,0.44,4.166,188
0,0.44,4.169,188
0,0.44,4.170,188
0,0.44,4.169,188
0,0.44,4.169,188
0,0.44,4.169,188
0,0.44,4.169,188
0,0.45,4.169,188
0,0.45,4.170,188
0,0.45,4.169,188
0,0.45,4.169,188
0,0.45,4.173,188
0,0.45,4.180,188
0,0.46,4.183,188
0,0.46,4.182,188
0,0.46,4.181,188
0,0.46,4.178,188
0,0.47,3.531,188
0,0.47,3.522,188
0,0.47,3.503,188
0,0.47,3.491,188
0,0.47,3.481,188
0,0.47,3.464,188
0,0.48,3.327,188
0,0.48,3.325,188
0,0.48,3.322,188
0,0.48,3.319,188
0,0.49,3.312,188
0,0.49,3.307,188
0,0.49,3.300,188
0,0.49,3.294,188
0,0.49,3.288,188
0,0.49,3.280,188
0,0.49,3.273,188
0,0.50,3.267,188
0,0.50,3.259,188
0,0.50,3.255,188
0,0.50,3.252,188
0,0.50,3.250,188
0,0.50,3.248,188
0,0.51,3.244,188
0,0.51,3.245,188
0,0.51,3.251,188
0,0.51,3.254,188
0,0.51,3.255,188
0,0.51,3.256,188
0,0.51,3.257,188
0,0.52,3.256,188
0,0.52,3.253,188
0,0.52,3.248,188
0,0.52,3.240,188
0,0.52,3.234,188
0,0.52,3.224,188
0,0.52,3.211,188
0,0.53,3.196,188
0,0.53,3.182,188
0,0.53,3.172,188
0,0.53,3.160,188
0,0.53,3.142,188
0,0.53,3.126,188
0,0.54,3.109,188
0,0.54,3.093,188
0,0.54,3.081,188
0,0.54,3.065,188
0,0.54,3.049,188
0,0.54,3.037,188
0,0.54,3.026,188
0,0.55,3.014,188
0,0.55,3.004,188
0,0.55,2.996,188
0,0.55,2.989,188
0,0.55,2.981,188
0,0.55,2.974,188
0,0.55,2.963,188
0,0.56,2.950,188
0,0.56,2.939,188
0,0.56,2.927,188
0,0.56,2.918,188
0,0.56,2.907,188
0,0.56,2.893,188
0,0.57,2.881,188
0,0.57,2.871,188
0,0.57,2.860,188
0,0.57,2.846,188
0,0.57,2.835,188
0,0.57,2.828,188
0,0.57,2.815,188
0,0.58,2.800,188
0,0.58,2.788,188
0,0.58,2.778,188
0,0.58,2.768,188
0,0.58,2.756,188
0,0.58,2.739,188
0,0.59,2.723,188
0,0.59,2.702,188
0,0.59,2.683,188
0,0.59,2.669,188
0,0.59,2.658,188
0,0.59,2.650,188
0,0.59,2.645,188
0,0.60,2.639,188
0,0.60,2.634,188
0,0.60,2.628,188
0,0.60,2.626,188
0,0.60,2.627,188
0,0.60,2.629,188
0,0.60,2.629,188
0,0.61,2.630,188
0,0.61,2.634,188
0,0.61,2.638,188
0,0.61,2.640,188
0,0.61,2.642,188
0,0.61,2.644,188
0,0.62,2.648,188
0,0.62,2.650,188
0,0.62,2.651,188
0,0.62,2.652,188
0,0.62,2.652,188
0,0.62,2.652,188
0,0.62,2.652,188
0,0.63,2.651,188
0,0.63,2.651,188
0,0.63,2.655,188
0,0.63,2.662,188
0,0.63,2.665,188
0,0.63,2.663,188
0,0.63,2.665,188
0,0.64,2.669,188
0,0.64,2.672,188
0,0.64,2.673,188
0,0.64,2.673,188
0,0.64,2.673,188
0,0.64,2.673,188
0,0.65,2.674,188
0,0.65,2.676,188
0,0.65,2.680,188
0,0.65,2.685,188
0,0.65,2.687,188
0,0.65,2.686,188
0,0.65,2.687,188
0,0.66,2.691,188
0,0.66,2.694,188
0,0.66,2.696,188
0,0.66,2.696,188
0,0.66,2.696,188
0,0.66,2.696,188
0,0.67,2.696,188
0,0.67,2.698,188
0,0.67,2.703,188
0,0.67,2.708,188
0,0.67,2.709,188
0,0.67,2.711,188
0,0.67,2.715,188
0,0.68,2.718,188
0,0.68,2.718,188
0,0.68,2.718,188
0,0.68,2.718,188
0,0.68,2.718,188
0,0.68,2.721,188
0,0.68,2.727,188
0,0.69,2.730,188
0,0.69,2.730,188
0,0.69,2.731,188
0,0.69,2.734,188
0,0.69,2.738,188
0,0.69,2.739,188
0,0.69,2.740,188
0,0.70,2.740,188
0,0.70,2.741,188
0,0.70,2.741,188
0,0.70,2.742,188
0,0.70,2.746,188
0,0.70,2.750,188
0,0.70,2.754,188
0,0.70,2.756,188
0,0.70,2.757,188
0,0.71,2.759,188
0,0.71,2.762,188
0,0.71,2.765,188
0,0.71,2.766,188
0,0.71,2.767,188
0,0.71,2.770,188
0,0.71,2.772,188
0,0.71,2.774,188
0,0.72,2.776,188
0,0.72,2.775,188
0,0.72,2.774,188
0,0.72,2.778,188
0,0.72,2.782,188
0,0.72,2.785,188
0,0.72,2.786,188
0,0.72,2.788,188
0,0.73,2.793,188
0,0.73,2.798,188
0,0.73,2.799,188
0,0.73,2.801,188
0,0.73,2.806,188
0,0.73,2.821,188
0,0.74,2.849,188
0,0.74,2.867,188
0,0.74,2.871,188
0,0.74,2.877,188
0,0.74,2.890,188
0,0.74,2.902,188
0,0.74,2.922,188
0,0.75,4.067,188
0,0.75,4.065,188
0,0.75,4.061,188
0,0.76,4.060,188
0,0.76,4.058,188
0,0.76,4.052,188
0,0.76,4.041,188
0,0.76,4.036,188
0,0.76,4.035,188
0,0.76,4.034,188
0,0.77,4.030,188
0,0.77,4.025,188
0,0.77,4.019,188
0,0.77,4.006,188
0,0.77,3.990,188
0,0.77,3.985,188
0,0.77,3.988,188
0,0.78,3.990,188
0,0.78,3.991,188
0,0.78,3.993,188
0,0.78,3.998,188
0,0.78,4.007,188
0,0.78,4.019,188
0,0.79,4.028,188
0,0.79,4.036,188
0,0.79,4.041,188
0,0.79,4.047,188
0,0.79,4.053,188
0,0.79,4.058,188
0,0.79,4.061,188
0,0.80,4.066,188
0,0.80,4.068,188
0,0.80,4.063,188
0,0.80,4.059,188
0,0.80,4.051,188
0,0.80,4.033,188
0,0.80,4.004,188
0,0.81,3.836,188
0,0.81,3.840,188
0,0.81,3.848,188
0,0.81,3.860,188
0,0.81,3.872,188
0,0.82,3.879,188
0,0.82,3.881,188
0,0.82,3.877,188
0,0.82,3.869,188
0,0.82,3.855,188
0,0.82,3.837,188
0,0.82,3.821,188
0,0.83,3.799,188
0,0.83,3.771,188
0,0.83,3.744,188
0,0.83,3.721,188
0,0.83,3.708,188
0,0.83,3.694,188
0,0.84,3.677,188
0,0.84,3.661,188
0,0.84,3.644,188
0,0.84,3.632,188
0,0.84,3.619,188
0,0.84,3.600,188
0,0.84,3.580,188
0,0.85,3.557,188
0,0.85,3.537,188
0,0.85,3.524,188
0,0.85,3.522,188
0,0.85,3.523,188
0,0.85,3.520,188
0,0.85,3.516,188
0,0.86,3.513,188
0,0.86,3.512,188
0,0.86,3.513,188
0,0.86,3.509,188
0,0.86,3.501,188
0,0.86,3.495,188
0,0.86,3.490,188
0,0.87,3.485,188
0,0.87,3.479,188
0,0.87,3.475,188
0,0.87,3.475,188
0,0.87,3.475,188
0,0.87,3.499,188
0,0.88,3.617,188
0,0.88,3.642,188
0,0.88,3.676,188
0,0.88,3.701,188
0,0.88,3.734,188
0,0.89,3.817,188
0,0.89,4.348,188
0,0.89,4.347,188
0,0.89,4.343,188
0,0.90,4.339,188
0,0.90,4.333,188
0,0.90,4.331,188
0,0.90,4.331,188
0,0.90,4.331,188
0,0.90,4.330,188
0,0.90,4.329,188
0,0.91,4.329,188
0,0.91,2.875,188
0,0.92,2.867,188
0,0.92,2.852,188
0,0.92,2.824,188
0,0.92,2.784,188
0,0.92,2.761,188
0,0.92,2.757,188
0,0.93,2.754,188
0,0.93,2.754,188
0,0.93,2.754,188
0,0.93,2.752,188
0,0.93,2.749,188
0,0.93,2.746,188
0,0.93,2.746,188
0,0.94,2.753,188
0,0.94,2.768,188
0,0.94,2.790,188
0,0.94,2.813,188
0,0.94,2.836,188
0,0.94,2.859,188
0,0.94,2.891,188
0,0.95,2.963,188
0,0.95,2.590,188
0,0.95,2.598,188
0,0.95,2.607,188
0,0.96,2.604,188
0,0.96,2.601,188
0,0.96,2.603,188
0,0.96,2.603,188
0,0.96,2.606,188
0,0.96,2.608,188
0,0.96,2.627,188
0,0.97,2.668,188
0,0.97,2.696,188
0,0.97,2.704,188
0,0.97,2.700,188
0,0.97,2.699,188
0,0.97,2.704,188
0,0.97,2.703,188
0,0.98,2.699,188
0,0.99,0.900,188
0,0.99,0.902,188
0,1.00,0.926,188
0,1.01,0.929,188
0,1.01,0.910,188
0,1.01,0.911,188
0,1.01,0.912,188
0,1.01,0.911,188
0,1.01,0.908,188
0,1.02,0.906,188
0,1.02,0.905,188
0,1.02,0.903,188
0,1.02,0.902,188
0,1.02,0.902,188
0,1.02,0.902,188
0,1.03,0.899,188
0,1.03,0.894,188
0,1.03,0.892,188
0,1.03,0.893,188
0,1.03,0.895,188
0,1.03,0.898,188
0,1.03,0.899,188
0,1.04,0.899,188
0,1.04,0.900,188
0,1.04,0.901,188
0,1.04,0.902,188
0,1.04,0.903,188
0,1.04,0.904,188
0,1.04,0.905,188
0,1.05,0.905,188
0,1.05,0.905,188
0,1.05,0.905,188
0,1.05,0.905,188
0,1.05,0.905,188
0,1.05,0.905,188
0,1.05,0.905,188
0,1.06,0.906,188
0,1.06,0.906,188
0,1.06,0.905,188
0,1.06,0.905,188
0,1.06,0.905,188
0,1.06,0.905,188
0,1.06,0.905,188
0,1.07,0.905,188
0,1.07,0.905,188
0,1.07,0.903,188
0,1.08,0.873,188
0,1.08,0.842,188
0,1.08,0.835,188
0,1.09,0.825,188
0,1.09,0.821,188
0,1.09,0.823,188
0,1.09,0.823,188
0,1.09,0.823,188
0,1.09,0.822,188
0,1.09,0.821,188
0,1.09,0.822,188
0,1.10,0.822,188
0,1.10,0.822,188
0,1.10,0.822,188
0,1.10,0.822,188
0,1.10,0.822,188
0,1.10,0.822,188
0,1.10,0.822,188
0,1.10,0.823,188
0,1.11,0.823,188
0,1.11,0.823,188
0,1.11,0.823,188
0,1.11,0.823,188
0,1.11,0.823,188
0,1.11,0.823,188
0,1.11,0.823,188
0,1.12,0.823,188
0,1.12,0.823,188
0,1.12,0.823,188
0,1.12,0.822,188
0,1.12,0.822,188
0,1.12,0.822,188
0,1.12,0.822,188
0,1.12,0.822,188
0,1.13,0.822,188
0,1.13,0.822,188
0,1.13,0.822,188
0,1.13,0.822,188
0,1.13,0.822,188
0,1.13,0.822,188
0,1.13,0.822,188
0,1.13,0.821,188
0,1.14,0.821,188
0,1.14,0.821,188
0,1.14,0.821,188
0,1.14,0.821,188
0,1.14,0.821,188
0,1.14,0.821,188
0,1.14,0.821,188
0,1.14,0.821,188
0,1.15,0.820,188
0,1.15,0.820,188
0,1.15,0.820,188
0,1.15,0.820,188
0,1.15,0.820,188
0,1.15,0.820,188
0,1.15,0.820,188
0,1.16,0.820,188
0,1.16,0.820,188
0,1.16,0.820,188
0,1.16,0.820,188
0,1.16,0.821,188
0,1.16,0.821,188
0,1.17,0.821,188
0,1.17,0.821,188
0,1.17,0.821,188
0,1.17,0.821,188
0,1.17,0.820,188
0,1.17,0.820,188
0,1.17,0.820,188
0,1.18,0.820,188
0,1.18,0.820,188
0,1.18,0.820,188
0,1.18,0.820,188
0,1.18,0.820,188
0,1.18,0.820,188
0,1.18,0.820,188
0,1.19,0.820,188
0,1.19,0.820,188
0,1.19,0.820,188
0,1.19,0.820,188
0,1.19,0.820,188
0,1.19,0.820,188
0,1.19,0.820,188
0,1.20,0.820,188
0,1.20,0.820,188
0,1.20,0.820,188
0,1.20,0.820,188
0,1.20,0.820,188
0,1.20,0.820,188
0,1.20,0.820,188
0,1.21,0.819,188
0,1.21,0.818,188
0,1.21,0.817,188
0,1.21,0.817,188
0,1.21,0.816,188
0,1.21,0.815,188
0,1.21,0.814,188
0,1.22,0.814,188
0,1.22,0.813,188
0,1.22,0.813,188
0,1.22,0.813,188
0,1.22,0.812,188
0,1.22,0.813,188
0,1.22,0.813,188
0,1.23,0.813,188
0,1.23,0.813,188
0,1.23,0.813,188
0,1.23,0.813,188
0,1.23,0.813,188
0,1.23,0.810,188
0,1.23,0.803,188
0,1.24,0.800,188
0,1.24,0.800,188
0,1.24,0.802,188
0,1.24,0.802,188
0,1.24,0.801,188
0,1.24,0.800,188
0,1.24,0.799,188
0,1.25,0.799,188
0,1.25,0.799,188
0,1.25,0.799,188
0,1.25,0.799,188
0,1.25,0.799,188
0,1.25,0.799,188
0,1.25,0.799,188
0,1.26,0.797,188
0,1.26,0.793,188
0,1.26,0.791,188
0,1.26,0.790,188
0,1.26,0.789,188
0,1.26,0.787,188
0,1.27,0.761,188
0,1.28,0.734,188
0,1.28,0.730,188
0,1.28,0.725,188
0,1.28,0.720,188
0,1.28,0.719,188
0,1.28,0.718,188
0,1.29,0.717,188
0,1.29,0.717,188
0,1.29,0.716,188
0,1.29,0.716,188
0,1.29,0.714,188
0,1.29,0.711,188
0,1.30,0.710,188
0,1.30,0.711,188
0,1.30,0.711,188
0,1.30,0.711,188
0,1.30,0.710,188
0,1.30,0.709,188
0,1.30,0.709,188
0,1.31,0.708,188
0,1.31,0.708,188
0,1.31,0.708,188
0,1.31,0.708,188
0,1.31,0.707,188
0,1.31,0.707,188
0,1.31,0.706,188
0,1.32,0.706,188
0,1.32,0.703,188
0,1.32,0.696,188
0,1.32,0.693,188
0,1.32,0.693,188
0,1.32,0.692,188
0,1.32,0.687,188
0,1.33,0.682,188
0,1.33,0.681,188
0,1.33,0.681,188
0,1.33,0.680,188
0,1.33,0.675,188
0,1.33,0.670,188
0,1.33,0.669,188
0,1.34,0.667,188
0,1.34,0.662,188
0,1.34,0.660,188
0,1.34,0.661,188
0,1.34,0.661,188
0,1.34,0.661,188
0,1.34,0.660,188
0,1.36,0.636,188
0,1.36,0.606,188
0,1.36,0.598,188
0,1.36,0.597,188
0,1.37,0.596,188
0,1.37,0.592,188
0,1.37,0.589,188
0,1.37,0.588,188
0,1.37,0.588,188
0,1.37,0.587,188
0,1.37,0.587,188
0,1.38,0.585,188
0,1.38,0.585,188
0,1.38,0.585,188
0,1.38,0.585,188
0,1.38,0.586,188
0,1.38,0.586,188
0,1.38,0.586,188
0,1.39,0.586,188
0,1.39,0.586,188
0,1.39,0.586,188
0,1.39,0.586,188
0,1.39,0.586,188
0,1.39,0.586,188
0,1.39,0.586,188
0,1.40,0.586,188
0,1.40,0.586,188
0,1.40,0.586,188
0,1.40,0.586,188
0,1.40,0.586,188
0,1.40,0.586,188
0,1.40,0.586,188
0,1.41,0.585,188
0,1.41,0.585,188
0,1.41,0.585,188
0,1.41,0.585,188
0,1.41,0.585,188
0,1.41,0.586,188
0,1.41,0.591,188
0,1.42,0.596,188
0,1.42,0.596,188
0,1.42,0.594,188
0,1.42,0.594,188
0,1.42,0.595,188
0,1.42,0.596,188
0,1.43,0.597,188
0,1.43,0.602,188
0,1.43,0.606,188
0,1.43,0.608,188
0,1.43,0.609,188
0,1.43,0.610,188
0,1.43,0.614,188
0,1.44,0.618,188
0,1.44,0.618,188
0,1.44,0.621,188
0,1.44,0.629,188
0,1.44,0.633,188
0,1.44,0.631,188
0,1.44,0.630,188
0,1.45,0.631,188
0,1.45,0.633,188
0,1.45,0.635,188
0,1.45,0.636,188
0,1.45,0.637,188
0,1.45,0.637,188
0,1.45,0.638,188
0,1.46,0.638,188
0,1.46,0.638,188
0,1.46,0.638,188
0,1.46,0.638,188
0,1.46,0.638,188
0,1.46,0.638,188
0,1.46,0.639,188
0,1.47,0.638,188
0,1.47,0.638,188
0,1.47,0.638,188
0,1.47,0.638,188
0,1.47,0.639,188
0,1.47,0.639,188
0,1.47,0.639,188
0,1.48,0.640,188
0,1.48,0.642,188
0,1.48,0.643,188
0,1.48,0.644,188
0,1.48,0.644,188
0,1.48,0.645,188
0,1.48,0.645,188
0,1.49,0.647,188
0,1.49,0.649,188
0,1.49,0.652,188
0,1.49,0.654,188
0,1.49,0.655,188
0,1.49,0.655,188
0,1.49,0.655,188
0,1.50,0.655,188
0,1.50,0.656,188
0,1.50,0.657,188
0,1.50,0.657,188
0,1.50,0.658,188
0,1.50,0.658,188
0,1.50,0.658,188
0,1.51,0.658,188
0,1.51,0.659,188
0,1.51,0.661,188
0,1.51,0.663,188
0,1.51,0.664,188
0,1.51,0.665,188
0,1.51,0.667,188
0,1.52,0.668,188
0,1.52,0.669,188
0,1.52,0.669,188
0,1.52,0.669,188
0,1.52,0.669,188
0,1.52,0.670,188
0,1.52,0.670,188
0,1.53,0.670,188
0,1.53,0.670,188
0,1.53,0.670,188
0,1.53,0.671,188
0,1.53,0.674,188
0,1.53,0.676,188
0,1.53,0.676,188
0,1.54,0.677,188
0,1.54,0.678,188
0,1.54,0.680,188
0,1.54,0.682,188
0,1.54,0.684,188
0,1.54,0.685,188
0,1.54,0.685,188
0,1.55,0.687,188
0,1.55,0.693,188
0,1.55,0.699,188
0,1.55,0.701,188
0,1.55,0.702,188
0,1.55,0.703,188
0,1.55,0.704,188
0,1.55,0.704,188
0,1.56,0.706,188
0,1.56,0.711,188
0,1.56,0.712,188
0,1.56,0.711,188
0,1.56,0.710,188
0,1.56,0.710,188
0,1.56,0.711,188
0,1.56,0.713,188
0,1.57,0.714,188
0,1.57,0.714,188
0,1.57,0.713,188
0,1.57,0.712,188
0,1.57,0.712,188
0,1.57,0.713,188
0,1.57,0.714,188
0,1.57,0.714,188
0,1.57,0.715,188
0,1.58,0.717,188
0,1.58,0.722,188
0,1.58,0.725,188
0,1.58,0.725,188
0,1.58,0.726,188
0,1.58,0.732,188
0,1.58,0.738,188
0,1.59,0.742,188
0,1.59,0.745,188
0,1.59,0.747,188
0,1.59,0.749,188
0,1.59,0.751,188
0,1.59,0.751,188
0,1.59,0.752,188
0,1.59,0.753,188
0,1.60,0.753,188
0,1.60,0.754,188
0,1.60,0.754,188
0,1.60,0.754,188
0,1.60,0.754,188
0,1.60,0.754,188
0,1.60,0.754,188
0,1.61,0.755,188
0,1.61,0.757,188
0,1.61,0.759,188
0,1.61,0.759,188
0,1.61,0.759,188
0,1.61,0.760,188
0,1.61,0.761,188
0,1.62,0.761,188
0,1.62,0.762,188
0,1.62,0.762,188
0,1.62,0.764,188
0,1.62,0.767,188
0,1.62,0.770,188
0,1.62,0.773,188
0,1.63,0.773,188
0,1.63,0.769,188
0,1.63,0.768,188
0,1.63,0.767,188
0,1.63,0.771,188
0,1.63,0.776,188
0,1.63,0.774,188
0,1.64,0.771,188
0,1.64,0.772,188
0,1.64,0.774,188
0,1.64,0.775,188
0,1.64,0.776,188
0,1.64,0.776,188
0,1.64,0.777,188
0,1.64,0.777,188
0,1.65,0.777,188
0,1.65,0.777,188
0,1.65,0.777,188
0,1.65,0.777,188
0,1.65,0.777,188
0,1.65,0.777,188
0,1.65,0.776,188
0,1.66,0.777,188
0,1.66,0.780,188
0,1.66,0.790,188
0,1.66,0.804,188
0,1.69,2.468,188
0,1.69,2.466,188
0,1.69,2.461,188
0,1.69,2.459,188
0,1.69,2.454,188
0,1.69,2.449,188
0,1.70,2.446,188
0,1.70,2.442,188
0,1.70,2.435,188
0,1.70,2.429,188
0,1.70,2.424,188
0,1.70,2.418,188
0,1.70,2.410,188
0,1.71,2.399,188
0,1.71,2.392,188
0,1.71,2.391,188
0,1.71,2.392,188
0,1.71,2.389,188
0,1.71,2.389,188
0,1.71,2.393,188
0,1.72,2.394,188
0,1.72,2.390,188
0,1.72,2.383,188
0,1.72,2.377,188
0,1.72,2.373,188
0,1.72,2.372,188
0,1.72,2.377,188
0,1.73,2.380,188
0,1.73,2.380,188
0,1.76,0.958,188
0,1.76,0.957,188
0,1.76,0.956,188
0,1.77,0.956,188
0,1.77,0.957,188
0,1.77,0.954,188
0,1.77,0.948,188
0,1.77,0.946,188
0,1.77,0.947,188
0,1.77,0.948,188
0,1.78,0.948,188
0,1.78,0.947,188
0,1.78,0.946,188
0,1.78,0.946,188
0,1.78,0.946,188
0,1.78,0.946,188
0,1.78,0.946,188
0,1.78,0.949,188
0,1.79,0.951,188
0,1.79,0.952,188
0,1.79,0.953,188
0,1.79,0.951,188
0,1.79,0.947,188
0,1.79,0.944,188
0,1.79,0.942,188
0,1.80,0.940,188
0,1.80,0.940,188
0,1.80,0.940,188
0,1.80,0.941,188
0,1.80,0.942,188
0,1.80,0.941,188
0,1.83,0.736,188
0,1.83,0.737,188
0,1.83,0.738,188
0,1.83,0.735,188
0,1.84,0.731,188
0,1.85,0.742,188
0,1.86,0.717,188
0,1.89,0.493,188
0,1.89,0.493,188
0,1.89,0.492,188
0,1.89,0.490,188
0,1.89,0.490,188
0,1.89,0.491,188
0,1.90,0.491,188
0,1.90,0.495,188
0,1.90,0.501,188
0,1.93,0.774,188
0,1.93,0.774,188
0,1.94,0.773,188
0,1.94,0.773,188
0,1.94,0.773,188
0,1.94,0.771,188
0,1.94,0.766,188
0,1.94,0.765,188
0,1.94,0.763,188
0,1.94,0.761,188
0,1.95,0.763,188
0,1.96,0.691,188
0,1.96,0.690,188
0,1.96,0.688,188
0,1.96,0.684,188
0,1.96,0.678,188
0,1.97,0.675,188
0,1.97,0.676,188
0,1.97,0.684,188
0,1.97,0.694,188
0,1.97,0.699,188
0,1.99,0.806,188
0,1.99,0.806,188
0,1.99,0.807,188
0,1.99,0.809,188
0,1.99,0.812,188
0,2.00,0.816,188
0,2.00,0.820,188
0,2.00,0.820,188
0,2.00,0.820,188
0,2.00,0.821,188
0,2.00,0.821,188
0,2.00,0.821,188
0,2.00,0.821,188
0,2.01,0.822,188
0,2.01,0.825,188
0,2.01,0.825,188
0,2.01,0.823,188
0,2.02,0.788,188
0,2.02,0.753,188
0,2.03,0.748,188
0,2.03,0.744,188
0,2.03,0.743,188
0,2.03,0.742,188
0,2.03,0.741,188
0,2.03,0.739,188
0,2.04,0.737,188
0,2.04,0.737,188
0,2.04,0.738,188
0,2.04,0.738,188
0,2.04,0.738,188
0,2.04,0.738,188
0,2.04,0.738,188
0,2.05,0.738,188
0,2.05,0.737,188
0,2.05,0.737,188
0,2.05,0.735,188
0,2.05,0.732,188
0,2.05,0.729,188
0,2.05,0.727,188
0,2.06,0.725,188
0,2.06,0.724,188
0,2.06,0.723,188
0,2.06,0.722,188
0,2.06,0.721,188
0,2.06,0.721,188
0,2.06,0.721,188
0,2.06,0.721,188
0,2.07,0.721,188
0,2.07,0.720,188
0,2.07,0.718,188
0,2.07,0.716,188
0,2.07,0.715,188
0,2.07,0.712,188
0,2.08,0.707,188
0,2.08,0.700,188
0,2.08,0.694,188
0,2.08,0.692,188
0,2.08,0.694,188
0,2.08,0.695,188
0,2.08,0.695,188
0,2.09,0.694,188
0,2.09,0.693,188
0,2.09,0.693,188
0,2.09,0.694,188
0,2.09,0.695,188
0,2.09,0.695,188
0,2.09,0.694,188
0,2.10,0.692,188
0,2.10,0.690,188
0,2.10,0.687,188
0,2.10,0.684,188
0,2.10,0.685,188
0,2.10,0.687,188
0,2.10,0.688,188
0,2.11,0.690,188
0,2.11,0.691,188
0,2.11,0.693,188
0,2.12,0.722,188
0,2.12,0.750,188
0,2.12,0.751,188
0,2.12,0.753,188
0,2.12,0.754,188
0,2.12,0.757,188
0,2.13,0.762,188
0,2.13,0.762,188
0,2.13,0.760,188
0,2.13,0.759,188
0,2.13,0.760,188
0,2.13,0.762,188
0,2.13,0.764,188
0,2.14,0.764,188
0,2.14,0.763,188
0,2.14,0.764,188
0,2.14,0.766,188
0,2.14,0.767,188
0,2.14,0.767,188
0,2.14,0.767,188
0,2.15,0.769,188
0,2.15,0.769,188
0,2.15,0.769,188
0,2.15,0.769,188
0,2.15,0.769,188
0,2.15,0.770,188
0,2.15,0.771,188
0,2.16,0.772,188
0,2.16,0.773,188
0,2.16,0.774,188
0,2.16,0.776,188
0,2.16,0.784,188
0,2.17,0.793,188
0,2.17,0.798,188
0,2.17,0.798,188
0,2.17,0.799,188
0,2.17,0.799,188
0,2.17,0.801,188
0,2.18,0.806,188
0,2.18,0.812,188
0,2.18,0.816,188
0,2.18,0.817,188
0,2.18,0.818,188
0,2.18,0.819,188
0,2.19,0.820,188
0,2.19,0.820,188
0,2.19,0.819,188
0,2.19,0.819,188
0,2.19,0.822,188
0,2.19,0.829,188
0,2.19,0.831,188
0,2.20,0.832,188
0,2.20,0.835,188
0,2.20,0.836,188
0,2.20,0.838,188
0,2.20,0.841,188
0,2.20,0.844,188
0,2.20,0.845,188
0,2.21,0.847,188
0,2.21,0.850,188
0,2.21,0.850,188
0,2.21,0.850,188
0,2.21,0.846,188
0,2.23,0.512,188
0,2.24,0.510,188
0,2.24,0.508,188
0,2.24,0.508,188
0,2.24,0.507,188
0,2.24,0.505,188
0,2.24,0.503,188
0,2.24,0.503,188
0,2.25,0.502,188
0,2.25,0.498,188
0,2.25,0.493,188
0,2.25,0.491,188
0,2.25,0.492,188
0,2.25,0.491,188
0,2.25,0.490,188
0,2.26,0.487,188
0,2.26,0.486,188
0,2.26,0.486,188
0,2.26,0.486,188
0,2.26,0.484,188
0,2.26,0.479,188
0,2.26,0.476,188
0,2.27,0.476,188
0,2.27,0.474,188
0,2.27,0.470,188
0,2.27,0.471,188
0,2.27,0.474,188
0,2.27,0.474,188
0,2.27,0.471,188
0,2.28,0.468,188
0,2.28,0.468,188
0,2.28,0.469,188
0,2.28,0.469,188
0,2.28,0.469,188
0,2.28,0.468,188
0,2.28,0.467,188
0,2.28,0.466,188
0,2.29,0.465,188
0,2.29,0.464,188
0,2.29,0.457,188
0,2.29,0.452,188
0,2.29,0.455,188
0,2.29,0.457,188
0,2.30,0.457,188
0,2.30,0.456,188
0,2.30,0.453,188
0,2.30,0.451,188
0,2.30,0.450,188
0,2.30,0.450,188
0,2.30,0.450,188
0,2.31,0.450,188
0,2.31,0.449,188
0,2.31,0.448,188
0,2.31,0.448,188
0,2.31,0.448,188
0,2.31,0.448,188
0,2.31,0.448,188
0,2.32,0.448,188
0,2.32,0.448,188
0,2.32,0.447,188
0,2.32,0.447,188
0,2.32,0.446,188
0,2.32,0.445,188
0,2.32,0.445,188
0,2.33,0.444,188
0,2.33,0.441,188
0,2.33,0.437,188
0,2.33,0.437,188
0,2.33,0.438,188
0,2.33,0.437,188
0,2.33,0.435,188
0,2.34,0.434,188
0,2.34,0.436,188
0,2.34,0.439,188
0,2.34,0.436,188
0,2.34,0.434,188
0,2.34,0.434,188
0,2.34,0.434,188
0,2.34,0.432,188
0,2.35,0.431,188
0,2.35,0.429,188
0,2.35,0.429,188
0,2.35,0.429,188
0,2.35,0.429,188
0,2.35,0.427,188
0,2.35,0.425,188
0,2.36,0.423,188
0,2.36,0.425,188
0,2.36,0.426,188
0,2.36,0.425,188
0,2.36,0.425,188
0,2.36,0.424,188
0,2.36,0.423,188
0,2.37,0.422,188
0,2.37,0.420,188
0,2.37,0.418,188
0,2.37,0.418,188
0,2.37,0.418,188
0,2.37,0.417,188
0,2.37,0.415,188
0,2.37,0.414,188
0,2.38,0.413,188
0,2.38,0.409,188
0,2.38,0.409,188
0,2.38,0.411,188
0,2.38,0.411,188
0,2.38,0.410,188
0,2.38,0.409,188
0,2.38,0.409,188
0,2.39,0.409,188
0,2.39,0.409,188
0,2.39,0.409,188
0,2.39,0.407,188
0,2.39,0.404,188
0,2.39,0.405,188
0,2.39,0.407,188
0,2.39,0.407,188
0,2.40,0.407,188
0,2.40,0.407,188
0,2.40,0.407,188
0,2.40,0.407,188
0,2.40,0.406,188
0,2.40,0.404,188
0,2.40,0.401,188
0,2.40,0.397,188
0,2.41,0.396,188
0,2.41,0.397,188
0,2.41,0.397,188
0,2.41,0.396,188
0,2.41,0.394,188
0,2.41,0.393,188
0,2.41,0.393,188
0,2.41,0.393,188
0,2.42,0.394,188
0,2.42,0.394,188
0,2.42,0.393,188
0,2.42,0.393,188
0,2.42,0.394,188
0,2.42,0.395,188
0,2.42,0.394,188
0,2.42,0.393,188
0,2.43,0.392,188
0,2.43,0.391,188
0,2.43,0.388,188
0,2.43,0.386,188
0,2.43,0.384,188
0,2.43,0.383,188
0,2.44,0.383,188
0,2.44,0.383,188
0,2.44,0.382,188
0,2.44,0.380,188
0,2.44,0.379,188
0,2.44,0.378,188
0,2.44,0.378,188
0,2.44,0.377,188
0,2.45,0.377,188
0,2.45,0.377,188
0,2.45,0.377,188
0,2.45,0.377,188
0,2.45,0.376,188
0,2.45,0.376,188
0,2.45,0.375,188
0,2.46,0.374,188
0,2.46,0.374,188
0,2.46,0.374,188
0,2.46,0.373,188
0,2.46,0.372,188
0,2.46,0.371,188
0,2.46,0.371,188
0,2.47,0.371,188
0,2.47,0.371,188
0,2.47,0.370,188
0,2.47,0.369,188
0,2.47,0.369,188
0,2.47,0.368,188
0,2.47,0.368,188
0,2.47,0.367,188
0,2.48,0.365,188
0,2.48,0.363,188
0,2.48,0.363,188
0,2.48,0.365,188
0,2.48,0.365,188
0,2.48,0.363,188
0,2.48,0.362,188
0,2.49,0.362,188
0,2.49,0.360,188
0,2.49,0.358,188
0,2.49,0.357,188
0,2.49,0.356,188
0,2.49,0.356,188
0,2.49,0.355,188
0,2.50,0.354,188
0,2.50,0.354,188
0,2.50,0.354,188
0,2.50,0.354,188
0,2.50,0.354,188
0,2.50,0.354,188
0,2.50,0.355,188
0,2.51,0.354,188
0,2.51,0.354,188
0,2.51,0.353,188
0,2.51,0.352,188
0,2.51,0.351,188
0,2.51,0.351,188
0,2.51,0.350,188
0,2.51,0.349,188
0,2.52,0.349,188
0,2.52,0.349,188
0,2.52,0.350,188
0,2.52,0.351,188
0,2.52,0.350,188
0,2.52,0.348,188
0,2.52,0.348,188
0,2.53,0.347,188
0,2.53,0.344,188
0,2.53,0.344,188
0,2.53,0.345,188
0,2.53,0.344,188
0,2.53,0.344,188
0,2.53,0.344,188
0,2.54,0.343,188
0,2.54,0.342,188
0,2.54,0.342,188
0,2.54,0.342,188
0,2.54,0.340,188
0,2.54,0.339,188
0,2.54,0.338,188
0,2.54,0.338,188
0,2.55,0.338,188
0,2.55,0.339,188
0,2.55,0.338,188
0,2.55,0.338,188
0,2.55,0.336,188
0,2.55,0.334,188
0,2.55,0.335,188
0,2.56,0.334,188
0,2.56,0.333,188
0,2.56,0.331,188
0,2.56,0.328,188
0,2.56,0.326,188
0,2.56,0.324,188
0,2.57,0.322,188
0,2.57,0.319,188
0,2.59,0.180,188
0,2.59,0.178,188
0,2.59,0.177,188
0,2.60,0.176,188
0,2.60,0.175,188
0,2.60,0.173,188
0,2.60,0.172,188
0,2.60,0.172,188
0,2.60,0.172,188
0,2.61,0.172,188
0,2.61,0.171,188
0,2.61,0.172,188
0,2.61,0.173,188
0,2.61,0.174,188
0,2.61,0.177,188
0,2.61,0.181,188
0,2.62,0.182,188
0,2.62,0.183,188
0,2.62,0.184,188
0,2.62,0.184,188
0,2.64,0.210,188
0,2.64,0.234,188
0,2.64,0.233,188
0,2.64,0.232,188
0,2.64,0.232,188
0,2.65,0.224,188
0,2.65,0.217,188
0,2.65,0.218,188
0,2.65,0.219,188
0,2.65,0.226,188
0,2.66,0.242,188
0,2.66,0.255,188
0,2.66,0.260,188
0,2.67,0.262,188
0,2.67,0.265,188
0,2.67,0.271,188
0,2.67,0.276,188
0,2.67,0.279,188
0,2.68,0.281,188
0,2.68,0.284,188
0,2.68,0.285,188
0,2.68,0.284,188
0,2.68,0.284,188
0,2.68,0.285,188
0,2.68,0.286,188
0,2.69,0.286,188
0,2.69,0.286,188
0,2.69,0.286,188
0,2.69,0.287,188
0,2.69,0.289,188
0,2.69,0.290,188
0,2.69,0.290,188
0,2.70,0.291,188
0,2.70,0.291,188
0,2.70,0.291,188
0,2.70,0.292,188
0,2.70,0.292,188
0,2.70,0.290,188
0,2.70,0.291,188
0,2.71,0.290,188
0,2.71,0.287,188
0,2.71,0.286,188
0,2.71,0.287,188
0,2.71,0.287,188
0,2.71,0.286,188
0,2.71,0.286,188
0,2.72,0.287,188
0,2.72,0.287,188
0,2.72,0.286,188
0,2.72,0.286,188
0,2.72,0.286,188
0,2.72,0.286,188
0,2.72,0.287,188
0,2.72,0.287,188
0,2.73,0.287,188
0,2.73,0.288,188
0,2.73,0.289,188
0,2.73,0.289,188
0,2.73,0.288,188
0,2.73,0.287,188
0,2.73,0.287,188
0,2.74,0.288,188
0,2.74,0.288,188
0,2.74,0.288,188
0,2.74,0.288,188
0,2.74,0.288,188
0,2.74,0.288,188
0,2.74,0.288,188
0,2.75,0.289,188
0,2.75,0.289,188
0,2.75,0.289,188
0,2.75,0.287,188
0,2.75,0.285,188
0,2.75,0.285,188
0,2.75,0.286,188
0,2.76,0.285,188
0,2.76,0.285,188
0,2.76,0.285,188
0,2.76,0.284,188
0,2.76,0.284,188
0,2.76,0.284,188
0,2.76,0.286,188
0,2.76,0.286,188
0,2.77,0.285,188
0,2.77,0.285,188
0,2.77,0.284,188
0,2.77,0.284,188
0,2.77,0.284,188
0,2.77,0.283,188
0,2.77,0.283,188
0,2.78,0.282,188
0,2.78,0.282,188
0,2.78,0.283,188
0,2.78,0.283,188
0,2.78,0.283,188
0,2.78,0.283,188
0,2.78,0.283,188
0,2.79,0.282,188
0,2.79,0.282,188
0,2.79,0.282,188
0,2.79,0.281,188
0,2.79,0.281,188
0,2.79,0.281,188
0,2.79,0.282,188
0,2.79,0.282,188
0,2.80,0.281,188
0,2.80,0.279,188
0,2.80,0.279,188
0,2.80,0.280,188
0,2.80,0.282,188
0,2.80,0.283,188
0,2.80,0.281,188
0,2.81,0.278,188
0,2.81,0.274,188
0,2.81,0.271,188
0,2.83,0.259,188
0,2.83,0.251,188
0,2.83,0.252,188
0,2.83,0.253,188
0,2.83,0.257,188
0,2.84,0.260,188
0,2.84,0.260,188
0,2.84,0.259,188
0,2.84,0.257,188
0,2.84,0.255,188
0,2.86,0.257,188
0,2.87,0.256,188
0,2.88,0.169,188
0,2.88,0.170,188
0,2.89,0.171,188
0,2.91,0.289,188
0,2.91,0.290,188
0,2.91,0.291,188
0,2.91,0.290,188
0,2.91,0.288,188
0,2.91,0.286,188
0,2.91,0.285,188
0,2.92,0.284,188
0,2.92,0.283,188
0,2.92,0.281,188
0,2.92,0.279,188
0,2.92,0.279,188
0,2.92,0.281,188
0,2.92,0.282,188
0,2.93,0.282,188
0,2.93,0.282,188
0,2.93,0.282,188
0,2.93,0.285,188
0,2.93,0.287,188
0,2.93,0.288,188
0,2.94,0.288,188
0,2.94,0.289,188
0,2.94,0.289,188
0,2.94,0.288,188
0,2.94,0.286,188
0,2.94,0.284,188
0,2.94,0.285,188
0,2.94,0.287,188
0,2.95,0.288,188
0,2.95,0.287,188
0,2.95,0.286,188
0,2.95,0.286,188
0,2.95,0.287,188
0,2.95,0.287,188
0,2.95,0.287,188
0,2.96,0.287,188
0,2.96,0.286,188
0,2.96,0.284,188
0,2.96,0.284,188
0,2.96,0.283,188
0,2.96,0.282,188
0,2.96,0.282,188
0,2.96,0.282,188
0,2.97,0.280,188
0,2.97,0.278,188
0,2.97,0.277,188
0,2.97,0.275,188
0,2.97,0.275,188
0,2.97,0.275,188
0,2.98,0.267,188
0,2.98,0.261,188
0,2.98,0.259,188
0,2.98,0.255,188
0,2.98,0.253,188
0,2.99,0.252,188
0,2.99,0.249,188
0,2.99,0.247,188
0,2.99,0.247,188
0,2.99,0.246,188
0,2.99,0.245,188
0,2.99,0.245,188
0,2.99,0.244,188
0,3.00,0.244,188
0,3.00,0.246,188
0,3.00,0.246,188
0,3.00,0.247,188
0,3.00,0.248,188
0,3.00,0.248,188
0,3.00,0.247,188
0,3.01,0.246,188
0,3.01,0.246,188
0,3.01,0.247,188
0,3.01,0.247,188
0,3.01,0.246,188
0,3.01,0.245,188
0,3.01,0.244,188
0,3.02,0.228,188
0,3.02,0.212,188
0,3.02,0.212,188
0,3.03,0.209,188
0,3.03,0.205,188
0,3.03,0.202,188
0,3.03,0.201,188
0,3.03,0.201,188
0,3.03,0.195,188
0,3.04,0.190,188
0,3.04,0.192,188
0,3.04,0.192,188
0,3.04,0.191,188
0,3.04,0.188,188
0,3.04,0.187,188
0,3.04,0.185,188
0,3.05,0.183,188
0,3.05,0.180,188
0,3.05,0.178,188
0,3.05,0.178,188
0,3.05,0.175,188
0,3.05,0.173,188
0,3.06,0.174,188
0,3.06,0.176,188
0,3.06,0.175,188
0,3.06,0.175,188
0,3.06,0.177,188
0,3.06,0.178,188
0,3.06,0.178,188
0,3.07,0.178,188
0,3.07,0.178,188
0,3.07,0.179,188
0,3.07,0.180,188
0,3.07,0.180,188
0,3.07,0.180,188
0,3.07,0.180,188
0,3.07,0.182,188
0,3.08,0.184,188
0,3.08,0.185,188
0,3.08,0.186,188
0,3.08,0.185,188
0,3.08,0.185,188
0,3.08,0.186,188
0,3.08,0.187,188
0,3.09,0.188,188
0,3.09,0.188,188
0,3.09,0.188,188
0,3.09,0.188,188
0,3.09,0.189,188
0,3.09,0.189,188
0,3.09,0.189,188
0,3.09,0.189,188
0,3.10,0.189,188
0,3.10,0.189,188
0,3.10,0.189,188
0,3.10,0.189,188
0,3.10,0.189,188
0,3.10,0.189,188
0,3.10,0.189,188
0,3.11,0.190,188
0,3.11,0.189,188
0,3.11,0.189,188
0,3.11,0.189,188
0,3.11,0.189,188
0,3.11,0.189,188
0,3.11,0.190,188
0,3.12,0.190,188
0,3.12,0.190,188
0,3.12,0.190,188
0,3.12,0.190,188
0,3.12,0.190,188
0,3.12,0.190,188
0,3.12,0.190,188
0,3.12,0.190,188
0,3.13,0.190,188
0,3.13,0.193,188
0,3.13,0.196,188
0,3.13,0.200,188
0,3.13,0.203,188
0,3.13,0.201,188
0,3.14,0.198,188
0,3.14,0.198,188
0,3.14,0.200,188
0,3.14,0.202,188
0,3.14,0.202,188
0,3.14,0.202,188
0,3.14,0.203,188
0,3.14,0.203,188
0,3.15,0.203,188
0,3.15,0.203,188
0,3.15,0.203,188
0,3.15,0.203,188
0,3.15,0.203,188
0,3.15,0.204,188
0,3.15,0.204,188
0,3.16,0.205,188
0,3.16,0.206,188
0,3.16,0.208,188
0,3.16,0.209,188
0,3.16,0.209,188
0,3.16,0.208,188
0,3.16,0.209,188
0,3.16,0.210,188
0,3.17,0.211,188
0,3.17,0.211,188
0,3.17,0.211,188
0,3.17,0.211,188
0,3.17,0.211,188
0,3.17,0.211,188
0,3.17,0.212,188
0,3.18,0.212,188
0,3.18,0.212,188
0,3.18,0.212,188
0,3.18,0.212,188
0,3.18,0.212,188
0,3.18,0.212,188
0,3.18,0.212,188
0,3.18,0.212,188
0,3.19,0.212,188
0,3.19,0.212,188
0,3.19,0.212,188
0,3.19,0.213,188
0,3.19,0.213,188
0,3.19,0.213,188
0,3.19,0.215,188
0,3.19,0.216,188
0,3.20,0.219,188
0,3.20,0.222,188
0,3.20,0.223,188
0,3.20,0.222,188
0,3.20,0.222,188
0,3.20,0.222,188
0,3.20,0.221,188
0,3.20,0.222,188
0,3.21,0.224,188
0,3.21,0.224,188
0,3.21,0.223,188
0,3.21,0.228,188
0,3.21,0.231,188
0,3.21,0.230,188
0,3.21,0.231,188
0,3.22,0.230,188
0,3.22,0.230,188
0,3.22,0.233,188
0,3.22,0.236,188
0,3.22,0.237,188
0,3.22,0.237,188
0,3.22,0.237,188
0,3.22,0.237,188
0,3.23,0.237,188
0,3.23,0.235,188
0,3.23,0.232,188
0,3.23,0.230,188
0,3.23,0.224,188
0,3.24,0.214,188
0,3.24,0.208,188
0,3.24,0.204,188
0,3.24,0.201,188
0,3.24,0.197,188
0,3.25,0.194,188
0,3.25,0.194,188
0,3.25,0.192,188
0,3.25,0.191,188
0,3.25,0.192,188
0,3.25,0.192,188
0,3.26,0.190,188
0,3.26,0.187,188
0,3.26,0.185,188
0,3.26,0.185,188
0,3.26,0.186,188
0,3.26,0.187,188
0,3.26,0.187,188
0,3.26,0.188,188
0,3.27,0.190,188
0,3.28,0.221,188
0,3.29,0.254,188
0,3.29,0.259,188
0,3.29,0.264,188
0,3.29,0.265,188
0,3.29,0.264,188
0,3.29,0.264,188
0,3.29,0.265,188
0,3.30,0.266,188
0,3.30,0.265,188
0,3.30,0.265,188
0,3.30,0.266,188
0,3.30,0.267,188
0,3.30,0.268,188
0,3.30,0.270,188
0,3.30,0.273,188
0,3.31,0.274,188
0,3.31,0.274,188
0,3.31,0.275,188
0,3.31,0.278,188
0,3.31,0.280,188
0,3.34,0.407,188
0,3.34,0.407,188
0,3.34,0.408,188
0,3.34,0.409,188
0,3.34,0.410,188
0,3.34,0.409,188
0,3.34,0.406,188
0,3.34,0.402,188
0,3.35,0.400,188
0,3.35,0.396,188
0,3.35,0.390,188
0,3.35,0.384,188
0,3.35,0.382,188
0,3.36,0.383,188
0,3.36,0.383,188
0,3.36,0.389,188
0,3.36,0.394,188
0,3.36,0.397,188
0,3.36,0.403,188
0,3.37,0.406,188
0,3.37,0.404,188
0,3.37,0.404,188
0,3.37,0.405,188
0,3.37,0.406,188
0,3.37,0.405,188
0,3.37,0.405,188
0,3.38,0.404,188
0,3.38,0.403,188
0,3.38,0.402,188
0,3.38,0.402,188
0,3.38,0.402,188
0,3.38,0.401,188
0,3.38,0.401,188
0,3.39,0.400,188
0,3.39,0.399,188
0,3.39,0.397,188
0,3.39,0.395,188
0,3.39,0.396,188
0,3.39,0.398,188
0,3.39,0.397,188
0,3.39,0.393,188
0,3.40,0.392,188
0,3.40,0.392,188
0,3.40,0.392,188
0,3.40,0.391,188
0,3.40,0.391,188
0,3.40,0.391,188
0,3.40,0.390,188
0,3.41,0.390,188
0,3.41,0.391,188
0,3.41,0.391,188
0,3.41,0.391,188
0,3.41,0.391,188
0,3.41,0.390,188
0,3.41,0.389,188
0,3.41,0.388,188
0,3.42,0.387,188
0,3.42,0.386,188
0,3.42,0.385,188
0,3.42,0.384,188
0,3.42,0.384,188
0,3.42,0.383,188
0,3.42,0.383,188
0,3.43,0.383,188
0,3.43,0.383,188
0,3.43,0.383,188
0,3.43,0.383,188
0,3.43,0.383,188
0,3.43,0.383,188
0,3.43,0.382,188
0,3.43,0.382,188
0,3.44,0.382,188
0,3.44,0.382,188
0,3.44,0.382,188
0,3.44,0.382,188
0,3.44,0.382,188
0,3.44,0.382,188
0,3.44,0.382,188
0,3.45,0.382,188
0,3.45,0.382,188
0,3.45,0.382,188
0,3.45,0.382,188
0,3.45,0.382,188
0,3.45,0.382,188
0,3.45,0.381,188
0,3.45,0.381,188
0,3.46,0.381,188
0,3.46,0.381,188
0,3.46,0.381,188
0,3.46,0.380,188
0,3.46,0.379,188
0,3.46,0.377,188
0,3.46,0.375,188
0,3.47,0.375,188
0,3.47,0.377,188
0,3.47,0.375,188
0,3.47,0.370,188
0,3.47,0.368,188
0,3.47,0.369,188
0,3.47,0.369,188
0,3.47,0.369,188
0,3.48,0.369,188
0,3.48,0.368,188
0,3.48,0.367,188
0,3.48,0.367,188
0,3.48,0.367,188
0,3.48,0.367,188
0,3.48,0.367,188
0,3.49,0.366,188
0,3.49,0.366,188
0,3.49,0.366,188
0,3.49,0.366,188
0,3.49,0.366,188
0,3.49,0.365,188
0,3.49,0.362,188
0,3.49,0.361,188
0,3.50,0.360,188
0,3.50,0.360,188
0,3.50,0.359,188
0,3.50,0.358,188
0,3.50,0.358,188
0,3.50,0.358,188
0,3.50,0.358,188
0,3.51,0.358,188
0,3.51,0.357,188
0,3.51,0.357,188
0,3.51,0.357,188
0,3.51,0.356,188
0,3.51,0.356,188
0,3.51,0.355,188
0,3.51,0.355,188
0,3.52,0.355,188
0,3.52,0.354,188
0,3.52,0.354,188
0,3.52,0.354,188
0,3.52,0.354,188
0,3.52,0.353,188
0,3.52,0.353,188
0,3.53,0.353,188
0,3.53,0.352,188
0,3.53,0.352,188
0,3.53,0.351,188
0,3.53,0.351,188
0,3.53,0.350,188
0,3.53,0.350,188
0,3.53,0.350,188
0,3.54,0.350,188
0,3.54,0.350,188
0,3.54,0.350,188
0,3.54,0.349,188
0,3.54,0.349,188
0,3.54,0.348,188
0,3.54,0.348,188
0,3.55,0.347,188
0,3.55,0.344,188
0,3.55,0.341,188
0,3.55,0.342,188
0,3.55,0.342,188
0,3.55,0.341,188
0,3.55,0.341,188
0,3.56,0.340,188
0,3.56,0.341,188
0,3.56,0.341,188
0,3.56,0.342,188
0,3.56,0.341,188
0,3.56,0.341,188
0,3.56,0.341,188
0,3.56,0.341,188
0,3.57,0.341,188
0,3.57,0.341,188
0,3.57,0.341,188
0,3.57,0.341,188
0,3.57,0.342,188
0,3.57,0.342,188
0,3.57,0.342,188
0,3.57,0.343,188
0,3.58,0.344,188
0,3.58,0.344,188
0,3.58,0.343,188
0,3.58,0.343,188
0,3.58,0.343,188
0,3.58,0.342,188
0,3.58,0.343,188
0,3.59,0.341,188
0,3.59,0.338,188
0,3.59,0.338,188
0,3.59,0.340,188
0,3.59,0.339,188
0,3.59,0.336,188
0,3.59,0.335,188
0,3.60,0.335,188
0,3.60,0.334,188
0,3.60,0.334,188
0,3.60,0.333,188
0,3.60,0.332,188
0,3.60,0.331,188
0,3.60,0.330,188
0,3.60,0.330,188
0,3.61,0.330,188
0,3.61,0.329,188
0,3.61,0.329,188
0,3.61,0.328,188
0,3.61,0.327,188
0,3.61,0.326,188
0,3.61,0.325,188
0,3.61,0.325,188
0,3.62,0.324,188
0,3.62,0.323,188
0,3.62,0.323,188
0,3.62,0.323,188
0,3.62,0.322,188
0,3.62,0.321,188
0,3.62,0.321,188
0,3.62,0.322,188
0,3.63,0.322,188
0,3.63,0.322,188
0,3.63,0.322,188
0,3.63,0.323,188
0,3.63,0.326,188
0,3.63,0.327,188
0,3.63,0.326,188
0,3.63,0.326,188
0,3.63,0.328,188
0,3.64,0.327,188
0,3.64,0.326,188
0,3.64,0.328,188
0,3.64,0.330,188
0,3.64,0.329,188
0,3.64,0.327,188
0,3.64,0.326,188
0,3.64,0.327,188
0,3.65,0.329,188
0,3.65,0.329,188
0,3.65,0.330,188
0,3.65,0.329,188
0,3.65,0.325,188
0,3.65,0.323,188
0,3.65,0.324,188
0,3.65,0.325,188
0,3.66,0.324,188
0,3.66,0.323,188
0,3.66,0.325,188
0,3.66,0.327,188
0,3.66,0.326,188
0,3.66,0.325,188
0,3.66,0.326,188
0,3.67,0.328,188
0,3.67,0.329,188
0,3.67,0.328,188
0,3.67,0.328,188
0,3.67,0.327,188
0,3.67,0.329,188
0,3.67,0.330,188
0,3.67,0.331,188
0,3.68,0.334,188
0,3.68,0.335,188
0,3.68,0.334,188
0,3.68,0.334,188
0,3.68,0.337,188
0,3.68,0.339,188
0,3.68,0.340,188
0,3.69,0.340,188
0,3.69,0.339,188
0,3.69,0.339,188
0,3.69,0.338,188
0,3.69,0.338,188
0,3.69,0.337,188
0,3.69,0.336,188
0,3.69,0.334,188
0,3.71,0.199,188
0,3.74,0.438,188
0,3.74,0.440,188
0,3.74,0.439,188
0,3.74,0.435,188
0,3.74,0.430,188
0,3.74,0.427,188
0,3.74,0.424,188
0,3.76,0.396,188
0,3.76,0.368,188
0,3.76,0.365,188
0,3.76,0.367,188
0,3.76,0.371,188
0,3.76,0.371,188
0,3.76,0.373,188
0,3.76,0.379,188
0,3.78,0.409,188
0,3.78,0.437,188
0,3.78,0.437,188
0,3.78,0.438,188
0,3.79,0.439,188
0,3.79,0.438,188
0,3.79,0.434,188
0,3.79,0.430,188
0,3.79,0.428,188
0,3.79,0.425,188
0,3.79,0.421,188
0,3.79,0.416,188
0,3.80,0.415,188
0,3.80,0.415,188
0,3.80,0.412,188
0,3.80,0.408,188
0,3.80,0.403,188
0,3.80,0.398,188
0,3.81,0.394,188
0,3.81,0.391,188
0,3.81,0.387,188
0,3.81,0.382,188
0,3.81,0.379,188
0,3.81,0.376,188
0,3.82,0.375,188
0,3.82,0.373,188
0,3.82,0.370,188
0,3.82,0.369,188
0,3.82,0.367,188
0,3.82,0.362,188
0,3.82,0.358,188
0,3.83,0.356,188
0,3.83,0.355,188
0,3.83,0.355,188
0,3.84,0.329,188
0,3.84,0.302,188
0,3.84,0.302,188
0,3.85,0.303,188
0,3.85,0.302,188
0,3.85,0.301,188
0,3.85,0.301,188
0,3.85,0.301,188
0,3.85,0.301,188
0,3.85,0.300,188
0,3.86,0.300,188
0,3.86,0.301,188
0,3.86,0.301,188
0,3.86,0.301,188
0,3.86,0.301,188
0,3.86,0.302,188
0,3.86,0.303,188
0,3.86,0.304,188
0,3.87,0.306,188
0,3.88,0.330,188
0,3.88,0.354,188
0,3.88,0.355,188
0,3.88,0.358,188
0,3.88,0.364,188
0,3.88,0.366,188
0,3.89,0.368,188
0,3.89,0.370,188
0,3.89,0.371,188
0,3.89,0.373,188
0,3.89,0.375,188
0,3.89,0.376,188
0,3.89,0.376,188
0,3.90,0.376,188
0,3.90,0.377,188
0,3.90,0.378,188
0,3.90,0.379,188
0,3.90,0.380,188
0,3.90,0.380,188
0,3.90,0.381,188
0,3.90,0.382,188
0,3.91,0.382,188
0,3.91,0.382,188
0,3.91,0.383,188
0,3.91,0.384,188
0,3.91,0.385,188
0,3.91,0.385,188
0,3.91,0.385,188
0,3.92,0.385,188
0,3.92,0.383,188
0,3.92,0.382,188
0,3.92,0.382,188
0,3.92,0.381,188
0,3.92,0.382,188
0,3.92,0.382,188
0,3.92,0.382,188
0,3.93,0.382,188
0,3.93,0.382,188
0,3.93,0.383,188
0,3.93,0.383,188
0,3.93,0.384,188
0,3.93,0.384,188
0,3.93,0.384,188
0,3.93,0.386,188
0,3.94,0.390,188
0,3.94,0.391,188
0,3.94,0.390,188
0,3.94,0.390,188
0,3.94,0.391,188
0,3.96,0.426,188
0,3.96,0.459,188
0,3.96,0.459,188
0,3.96,0.456,188
0,3.97,0.381,188
0,3.97,0.381,188
0,3.98,0.381,188
0,3.98,0.382,188
0,3.98,0.382,188
0,3.98,0.382,188
0,3.98,0.382,188
0,3.98,0.381,188
0,3.98,0.381,188
0,3.99,0.381,188
0,4.00,0.515,188
0,4.00,0.515,188
0,4.00,0.513,188
0,4.01,0.514,188
0,4.01,0.518,188
0,4.01,0.519,188
0,4.01,0.522,188
0,4.01,0.526,188
0,4.01,0.527,188
0,4.01,0.527,188
0,4.02,0.529,188
0,4.02,0.531,188
0,4.02,0.531,188
0,4.02,0.532,188
0,4.02,0.532,188
0,4.02,0.536,188
0,4.02,0.544,188
0,4.02,0.547,188
0,4.03,0.546,188
0,4.03,0.546,188
0,4.03,0.546,188
0,4.03,0.548,188
0,4.03,0.552,188
0,4.03,0.553,188
0,4.03,0.553,188
0,4.03,0.553,188
0,4.04,0.554,188
0,4.04,0.556,188
0,4.04,0.557,188
0,4.04,0.557,188
0,4.04,0.558,188
0,4.04,0.559,188
0,4.04,0.559,188
0,4.04,0.559,188
0,4.05,0.559,188
0,4.05,0.560,188
0,4.05,0.563,188
0,4.05,0.566,188
0,4.05,0.565,188
0,4.05,0.565,188
0,4.05,0.566,188
0,4.05,0.566,188
0,4.06,0.565,188
0,4.06,0.565,188
0,4.06,0.568,188
0,4.06,0.571,188
0,4.06,0.571,188
0,4.06,0.570,188
0,4.06,0.571,188
0,4.06,0.571,188
0,4.07,0.571,188
0,4.07,0.570,188
0,4.07,0.572,188
0,4.07,0.574,188
0,4.07,0.574,188
0,4.07,0.574,188
0,4.07,0.573,188
0,4.07,0.571,188
0,4.08,0.570,188
0,4.08,0.570,188
0,4.08,0.569,188
0,4.08,0.569,188
0,4.08,0.568,188
0,4.08,0.568,188
0,4.08,0.568,188
0,4.08,0.570,188
0,4.09,0.571,188
0,4.09,0.571,188
0,4.09,0.571,188
0,4.09,0.572,188
0,4.09,0.574,188
0,4.09,0.574,188
0,4.09,0.571,188
0,4.10,0.569,188
0,4.10,0.567,188
0,4.10,0.562,188
0,4.10,0.559,188
0,4.10,0.561,188
0,4.10,0.562,188
0,4.10,0.561,188
0,4.10,0.559,188
0,4.11,0.555,188
0,4.11,0.555,188
0,4.11,0.556,188
0,4.11,0.555,188
0,4.11,0.553,188
0,4.12,0.551,188
0,4.12,0.548,188
0,4.12,0.542,188
0,4.12,0.534,188
0,4.12,0.531,188
0,4.12,0.528,188
0,4.13,0.525,188
0,4.13,0.521,188
0,4.13,0.514,188
0,4.14,0.506,188
0,4.14,0.498,188
0,4.14,0.493,188
0,4.16,0.313,188
0,4.16,0.312,188
0,4.16,0.312,188
0,4.16,0.313,188
0,4.16,0.313,188
0,4.17,0.313,188
0,4.17,0.311,188
0,4.17,0.309,188
0,4.18,0.297,188
0,4.18,0.288,188
0,4.19,0.297,188
0,4.19,0.306,188
0,4.19,0.307,188
0,4.19,0.308,188
0,4.19,0.308,188
0,4.19,0.309,188
0,4.19,0.310,188
0,4.20,0.309,188
0,4.20,0.308,188
0,4.20,0.308,188
0,4.20,0.308,188
0,4.20,0.307,188
0,4.20,0.307,188
0,4.20,0.306,188
0,4.20,0.306,188
0,4.22,0.225,188
0,4.22,0.224,188
0,4.22,0.222,188
0,4.23,0.221,188
0,4.23,0.220,188
0,4.23,0.220,188
0,4.23,0.220,188
0,4.23,0.220,188
0,4.23,0.219,188
0,4.23,0.220,188
0,4.23,0.221,188
0,4.24,0.221,188
0,4.24,0.220,188
0,4.24,0.221,188
0,4.24,0.222,188
0,4.24,0.223,188
0,4.24,0.223,188
0,4.24,0.223,188
0,4.24,0.223,188
0,4.25,0.224,188
0,4.25,0.224,188
0,4.25,0.224,188
0,4.25,0.223,188
0,4.25,0.224,188
0,4.25,0.225,188
0,4.25,0.224,188
0,4.26,0.222,188
0,4.26,0.222,188
0,4.26,0.221,188
0,4.26,0.221,188
0,4.26,0.220,188
0,4.26,0.220,188
0,4.26,0.220,188
0,4.26,0.221,188
0,4.27,0.221,188
0,4.27,0.222,188
0,4.27,0.223,188
0,4.27,0.224,188
0,4.27,0.223,188
0,4.27,0.223,188
0,4.27,0.223,188
0,4.28,0.222,188
0,4.28,0.222,188
0,4.28,0.222,188
0,4.28,0.222,188
0,4.28,0.222,188
0,4.28,0.223,188
0,4.28,0.223,188
0,4.28,0.223,188
0,4.29,0.224,188
0,4.29,0.225,188
0,4.29,0.225,188
0,4.29,0.225,188
0,4.29,0.225,188
0,4.29,0.225,188
0,4.29,0.225,188
0,4.29,0.224,188
0,4.30,0.224,188
0,4.30,0.223,188
0,4.30,0.222,188
0,4.30,0.221,188
0,4.30,0.221,188
0,4.30,0.220,188
0,4.30,0.219,188
0,4.31,0.219,188
0,4.31,0.219,188
0,4.31,0.219,188
0,4.31,0.219,188
0,4.31,0.219,188
0,4.31,0.219,188
0,4.31,0.219,188
0,4.31,0.219,188
0,4.32,0.219,188
0,4.32,0.219,188
0,4.32,0.219,188
0,4.32,0.219,188
0,4.32,0.219,188
0,4.32,0.219,188
0,4.32,0.219,188
0,4.33,0.220,188
0,4.33,0.220,188
0,4.33,0.220,188
0,4.33,0.223,188
0,4.33,0.226,188
0,4.33,0.227,188
0,4.33,0.227,188
0,4.33,0.226,188
0,4.34,0.227,188
0,4.34,0.228,188
0,4.34,0.228,188
0,4.34,0.227,188
0,4.34,0.225,188
0,4.34,0.225,188
0,4.34,0.222,188
0,4.35,0.219,188
0,4.35,0.222,188
0,4.35,0.225,188
0,4.35,0.224,188
0,4.35,0.224,188
0,4.35,0.226,188
0,4.35,0.227,188
0,4.36,0.228,188
0,4.36,0.228,188
0,4.36,0.228,188
0,4.36,0.229,188
0,4.36,0.230,188
0,4.36,0.231,188
0,4.36,0.232,188
0,4.36,0.232,188
0,4.37,0.231,188
0,4.37,0.232,188
0,4.37,0.232,188
0,4.37,0.231,188
0,4.37,0.230,188
0,4.37,0.228,188
0,4.37,0.228,188
0,4.37,0.229,188
0,4.38,0.229,188
0,4.38,0.229,188
0,4.38,0.231,188
0,4.38,0.232,188
0,4.38,0.235,188
0,4.39,0.237,188
0,4.39,0.236,188
0,4.39,0.238,188
0,4.39,0.241,188
0,4.41,0.339,188
0,4.41,0.340,188
0,4.41,0.339,188
0,4.41,0.339,188
0,4.41,0.343,188
0,4.41,0.346,188
0,4.41,0.348,188
0,4.42,0.349,188
0,4.42,0.358,188
0,4.42,0.366,188
0,4.42,0.365,188
0,4.43,0.381,188
0,4.43,0.396,188
0,4.43,0.397,188
0,4.43,0.397,188
0,4.48,0.715,188
0,4.49,0.718,188
0,4.49,0.725,188
0,4.49,0.729,188
0,4.49,0.730,188
0,4.49,0.732,188
0,4.49,0.735,188
0,4.49,0.737,188
0,4.49,0.737,188
0,4.50,0.737,188
0,4.50,0.737,188
0,4.50,0.736,188
0,4.53,0.432,188
0,4.53,0.432,188
0,4.53,0.432,188
0,4.53,0.431,188
0,4.53,0.430,188
0,4.53,0.430,188
0,4.54,0.429,188
0,4.54,0.430,188
0,4.54,0.433,188
0,4.54,0.437,188
0,4.54,0.440,188
0,4.54,0.443,188
0,4.57,1.015,188
0,4.57,1.015,188
0,4.57,1.018,188
0,4.57,1.024,188
0,4.57,1.026,188
0,4.57,1.027,188
0,4.57,1.029,188
0,4.57,1.029,188
0,4.58,1.029,188
0,4.58,1.029,188
0,4.58,1.029,188
0,4.58,1.030,188
0,4.58,1.031,188
0,4.58,1.031,188
0,4.58,1.031,188
0,4.58,1.031,188
0,4.59,1.031,188
0,4.59,1.031,188
0,4.59,1.032,188
0,4.59,1.032,188
0,4.59,1.032,188
0,4.59,1.032,188
0,4.59,1.030,188
0,4.60,1.025,188
0,4.60,1.020,188
0,4.60,1.019,188
0,4.60,1.020,188
0,4.60,1.022,188
0,4.60,1.024,188
0,4.60,1.022,188
0,4.60,1.020,188
0,4.61,1.019,188
0,4.61,1.019,188
0,4.61,1.018,188
0,4.61,1.018,188
0,4.61,1.017,188
0,4.61,1.014,188
0,4.61,1.012,188
0,4.61,1.012,188
0,4.62,1.011,188
0,4.62,1.011,188
0,4.62,1.010,188
0,4.62,1.010,188
0,4.62,1.010,188
0,4.62,1.008,188
0,4.62,1.004,188
0,4.63,1.000,188
0,4.63,0.998,188
0,4.63,0.998,188
0,4.63,0.999,188
0,4.63,0.996,188
0,4.63,0.990,188
0,4.63,0.986,188
0,4.63,0.983,188
0,4.64,0.978,188
0,4.67,0.542,188
0,4.69,0.463,188
0,4.69,0.462,188
0,4.69,0.461,188
0,4.69,0.457,188
0,4.70,0.450,188
0,4.70,0.443,188
0,4.70,0.436,188
0,4.70,0.431,188
0,4.70,0.428,188
0,4.70,0.425,188
0,4.70,0.420,188
0,4.71,0.416,188
0,4.71,0.415,188
0,4.71,0.415,188
0,4.71,0.411,188
0,4.71,0.407,188
0,4.72,0.405,188
0,4.72,0.402,188
0,4.72,0.398,188
0,4.72,0.397,188
0,4.72,0.395,188
0,4.72,0.391,188
0,4.72,0.389,188
0,4.74,0.311,188
0,4.74,0.312,188
0,4.74,0.311,188
0,4.74,0.309,188
0,4.75,0.304,188
0,4.75,0.302,188
0,4.75,0.301,188
0,4.75,0.298,188
0,4.75,0.288,188
0,4.76,0.278,188
0,4.76,0.266,188
0,4.76,0.250,188
0,4.77,0.245,188
0,4.77,0.246,188
0,4.77,0.245,188
0,4.77,0.243,188
0,4.77,0.242,188
0,4.78,0.236,188
0,4.78,0.230,188
0,4.78,0.228,188
0,4.78,0.228,188
0,4.78,0.222,188
0,4.78,0.216,188
0,4.79,0.208,188
0,4.79,0.198,188
0,4.79,0.196,188
0,4.79,0.195,188
0,4.79,0.194,188
0,4.80,0.191,188
0,4.80,0.188,188
0,4.80,0.183,188
0,4.80,0.178,188
0,4.80,0.175,188
0,4.80,0.174,188
0,4.81,0.172,188
0,4.81,0.169,188
0,4.81,0.169,188
0,4.81,0.170,188
0,4.81,0.169,188
0,4.81,0.170,188
0,4.81,0.171,188
0,4.82,0.175,188
0,4.82,0.180,188
0,4.82,0.183,188
0,4.82,0.184,188
0,4.82,0.184,188
0,4.82,0.184,188
0,4.82,0.186,188
0,4.83,0.187,188
0,4.83,0.187,188
0,4.83,0.187,188
0,4.83,0.188,188
0,4.83,0.188,188
0,4.83,0.187,188
0,4.83,0.187,188
0,4.83,0.188,188
0,4.84,0.189,188
0,4.84,0.189,188
0,4.84,0.189,188
0,4.84,0.189,188
0,4.84,0.189,188
0,4.84,0.189,188
0,4.84,0.188,188
0,4.85,0.188,188
0,4.85,0.187,188
0,4.85,0.186,188
0,4.85,0.186,188
0,4.85,0.185,188
0,4.85,0.184,188
0,4.85,0.183,188
0,4.85,0.183,188
0,4.86,0.181,188
0,4.86,0.181,188
0,4.86,0.181,188
0,4.86,0.181,188
0,4.86,0.182,188
0,4.86,0.182,188
0,4.86,0.183,188
0,4.86,0.184,188
0,4.87,0.184,188
0,4.87,0.185,188
0,4.87,0.185,188
0,4.87,0.183,188
0,4.87,0.179,188
0,4.87,0.177,188
0,4.87,0.174,188
0,4.87,0.174,188
0,4.88,0.174,188
0,4.88,0.175,188
0,4.88,0.174,188
0,4.88,0.175,188
0,4.88,0.176,188
0,4.88,0.177,188
0,4.88,0.178,188
0,4.88,0.180,188
0,4.89,0.181,188
0,4.89,0.182,188
0,4.89,0.183,188
0,4.89,0.189,188
0,4.89,0.195,188
0,4.89,0.198,188
0,4.90,0.201,188
0,4.90,0.201,188
0,4.90,0.202,188
0,4.90,0.203,188
0,4.90,0.205,188
0,4.90,0.208,188
0,4.90,0.211,188
0,4.91,0.212,188
0,4.91,0.212,188
0,4.91,0.212,188
0,4.91,0.213,188
0,4.91,0.215,188
0,4.91,0.215,188
0,4.91,0.215,188
0,4.91,0.215,188
0,4.92,0.215,188
0,4.92,0.215,188
0,4.92,0.215,188
0,4.92,0.217,188
0,4.92,0.218,188
0,4.92,0.218,188
0,4.93,0.222,188
0,4.93,0.227,188
0,4.93,0.226,188
0,4.93,0.228,188
0,4.93,0.229,188
0,4.93,0.230,188
0,4.93,0.231,188
0,4.93,0.231,188
0,4.94,0.231,188
0,4.94,0.233,188
0,4.94,0.234,188
0,4.95,0.238,188
0,4.95,0.243,188
0,4.95,0.245,188
0,4.95,0.246,188
0,4.95,0.247,188
0,4.95,0.247,188
0,4.95,0.249,188
0,4.95,0.252,188
0,4.96,0.251,188
0,4.96,0.249,188
0,4.96,0.239,188
0,4.96,0.231,188
0,4.97,0.230,188
0,4.97,0.230,188
0,4.97,0.234,188
0,4.97,0.239,188
0,4.97,0.238,188
0,4.97,0.237,188
0,4.97,0.237,188
0,4.98,0.237,188
0,4.98,0.236,188
0,4.98,0.233,188
0,4.99,0.225,188
0,4.99,0.220,188
0,4.99,0.219,188
0,4.99,0.218,188
0,4.99,0.219,188
0,4.99,0.220,188
0,4.99,0.221,188
0,4.99,0.221,188
0,5.00,0.221,188
0,5.00,0.220,188
0,5.00,0.221,188
0,5.00,0.222,188
0,5.00,0.223,188
0,5.00,0.223,188
0,5.00,0.223,188
0,5.00,0.224,188
0,5.01,0.224,188
0,5.01,0.224,188
0,5.01,0.225,188
0,5.01,0.226,188
0,5.01,0.229,188
0,5.01,0.231,188
0,5.01,0.230,188
0,5.01,0.230,188
0,5.02,0.232,188
0,5.02,0.232,188
0,5.02,0.233,188
0,5.02,0.233,188
0,5.02,0.233,188
0,5.02,0.233,188
0,5.02,0.234,188
0,5.03,0.234,188
0,5.03,0.234,188
0,5.03,0.234,188
0,5.03,0.234,188
0,5.03,0.235,188
0,5.03,0.236,188
0,5.03,0.236,188
0,5.03,0.235,188
0,5.04,0.234,188
0,5.04,0.235,188
0,5.04,0.235,188
0,5.04,0.236,188
0,5.04,0.236,188
0,5.04,0.236,188
0,5.04,0.235,188
0,5.04,0.236,188
0,5.05,0.236,188
0,5.05,0.235,188
0,5.05,0.234,188
0,5.05,0.234,188
0,5.05,0.235,188
0,5.05,0.236,188
0,5.05,0.236,188
0,5.06,0.236,188
0,5.06,0.236,188
0,5.06,0.237,188
0,5.06,0.238,188
0,5.06,0.238,188
0,5.06,0.238,188
0,5.06,0.239,188
0,5.06,0.240,188
0,5.07,0.241,188
0,5.07,0.242,188
0,5.07,0.247,188
0,5.07,0.251,188
0,5.07,0.252,188
0,5.07,0.252,188
0,5.07,0.251,188
0,5.07,0.252,188
0,5.08,0.252,188
0,5.08,0.251,188
0,5.08,0.252,188
0,5.08,0.253,188
0,5.08,0.254,188
0,5.08,0.255,188
0,5.08,0.256,188
0,5.08,0.257,188
0,5.09,0.258,188
0,5.09,0.257,188
0,5.09,0.256,188
0,5.09,0.257,188
0,5.09,0.259,188
0,5.09,0.260,188
0,5.09,0.261,188
0,5.09,0.261,188
0,5.10,0.262,188
0,5.10,0.263,188
0,5.10,0.263,188
0,5.10,0.264,188
0,5.10,0.265,188
0,5.10,0.266,188
0,5.10,0.265,188
0,5.11,0.265,188
0,5.11,0.264,188
0,5.11,0.264,188
0,5.11,0.265,188
0,5.11,0.267,188
0,5.11,0.268,188
0,5.11,0.270,188
0,5.11,0.269,188
0,5.12,0.267,188
0,5.12,0.267,188
0,5.12,0.267,188
0,5.12,0.267,188
0,5.12,0.267,188
0,5.12,0.267,188
0,5.12,0.267,188
0,5.12,0.269,188
0,5.13,0.273,188
0,5.13,0.276,188
0,5.13,0.275,188
0,5.13,0.272,188
0,5.13,0.272,188
0,5.13,0.274,188
0,5.13,0.275,188
0,5.13,0.276,188
0,5.14,0.277,188
0,5.14,0.277,188
0,5.14,0.277,188
0,5.14,0.276,188
0,5.14,0.275,188
0,5.14,0.276,188
0,5.14,0.277,188
0,5.15,0.277,188
0,5.15,0.277,188
0,5.15,0.277,188
0,5.15,0.277,188
0,5.15,0.278,188
0,5.15,0.279,188
0,5.15,0.277,188
0,5.15,0.274,188
0,5.16,0.273,188
0,5.16,0.274,188
0,5.16,0.276,188
0,5.16,0.278,188
0,5.16,0.278,188
0,5.16,0.278,188
0,5.16,0.278,188
0,5.16,0.278,188
0,5.17,0.277,188
0,5.17,0.278,188
0,5.17,0.278,188
0,5.17,0.277,188
0,5.17,0.278,188
0,5.17,0.279,188
0,5.17,0.277,188
0,5.17,0.275,188
0,5.18,0.274,188
0,5.18,0.274,188
0,5.18,0.274,188
0,5.18,0.274,188
0,5.18,0.275,188
0,5.18,0.275,188
0,5.18,0.276,188
0,5.19,0.279,188
0,5.19,0.280,188
0,5.19,0.281,188
0,5.19,0.285,188
0,5.19,0.288,188
0,5.19,0.290,188
0,5.19,0.290,188
0,5.19,0.289,188
0,5.20,0.290,188
0,5.20,0.292,188
0,5.20,0.293,188
0,5.20,0.294,188
0,5.20,0.294,188
0,5.20,0.294,188
0,5.20,0.295,188
0,5.20,0.295,188
0,5.21,0.295,188
0,5.21,0.295,188
0,5.21,0.295,188
0,5.21,0.295,188
0,5.21,0.295,188
0,5.21,0.295,188
0,5.21,0.295,188
0,5.21,0.295,188
0,5.22,0.295,188
0,5.22,0.295,188
0,5.22,0.295,188
0,5.22,0.295,188
0,5.22,0.295,188
0,5.22,0.295,188
0,5.22,0.296,188
0,5.23,0.296,188
0,5.23,0.296,188
0,5.23,0.301,188
0,5.23,0.303,188
0,5.23,0.302,188
0,5.23,0.305,188
0,5.23,0.307,188
0,5.24,0.307,188
0,5.24,0.307,188
0,5.24,0.307,188
0,5.24,0.306,188
0,5.24,0.304,188
0,5.24,0.305,188
0,5.24,0.307,188
0,5.24,0.308,188
0,5.25,0.308,188
0,5.25,0.308,188
0,5.25,0.308,188
0,5.25,0.309,188
0,5.25,0.309,188
0,5.25,0.309,188
0,5.25,0.309,188
0,5.26,0.309,188
0,5.26,0.309,188
0,5.26,0.308,188
0,5.26,0.308,188
0,5.26,0.307,188
0,5.26,0.307,188
0,5.26,0.307,188
0,5.26,0.307,188
0,5.27,0.307,188
0,5.27,0.307,188
0,5.27,0.306,188
0,5.27,0.305,188
0,5.27,0.304,188
0,5.27,0.304,188
0,5.27,0.303,188
0,5.27,0.302,188
0,5.28,0.303,188
0,5.28,0.303,188
0,5.28,0.305,188
0,5.28,0.306,188
0,5.28,0.307,188
0,5.28,0.307,188
0,5.28,0.307,188
0,5.29,0.308,188
0,5.29,0.309,188
0,5.29,0.308,188
0,5.29,0.306,188
0,5.29,0.306,188
0,5.29,0.305,188
0,5.29,0.303,188
0,5.29,0.302,188
0,5.30,0.305,188
0,5.30,0.307,188
0,5.30,0.307,188
0,5.30,0.308,188
0,5.30,0.308,188
0,5.30,0.308,188
0,5.30,0.309,188
0,5.31,0.310,188
0,5.31,0.310,188
0,5.31,0.310,188
0,5.31,0.310,188
0,5.31,0.311,188
0,5.31,0.313,188
0,5.31,0.315,188
0,5.31,0.315,188
0,5.32,0.314,188
0,5.32,0.315,188
0,5.32,0.316,188
0,5.32,0.316,188
0,5.32,0.317,188
0,5.32,0.317,188
0,5.32,0.317,188
0,5.32,0.317,188
0,5.33,0.318,188
0,5.33,0.319,188
0,5.33,0.319,188
0,5.33,0.320,188
0,5.33,0.325,188
0,5.33,0.328,188
0,5.33,0.327,188
0,5.34,0.327,188
0,5.34,0.327,188
0,5.34,0.328,188
0,5.34,0.328,188
0,5.34,0.329,188
0,5.34,0.329,188
0,5.34,0.329,188
0,5.34,0.329,188
0,5.35,0.329,188
0,5.35,0.329,188
0,5.35,0.329,188
0,5.35,0.329,188
0,5.35,0.331,188
0,5.35,0.332,188
0,5.35,0.333,188
0,5.35,0.334,188
0,5.36,0.335,188
0,5.36,0.335,188
0,5.36,0.335,188
0,5.36,0.336,188
0,5.36,0.336,188
0,5.36,0.336,188
0,5.36,0.336,188
0,5.36,0.338,188
0,5.37,0.343,188
0,5.37,0.345,188
0,5.37,0.343,188
0,5.37,0.343,188
0,5.37,0.344,188
0,5.37,0.344,188
0,5.37,0.345,188
0,5.38,0.345,188
0,5.38,0.346,188
0,5.38,0.347,188
0,5.38,0.347,188
0,5.38,0.347,188
0,5.38,0.347,188
0,5.38,0.347,188
0,5.38,0.348,188
0,5.39,0.347,188
0,5.39,0.347,188
0,5.39,0.347,188
0,5.39,0.348,188
0,5.39,0.349,188
0,5.39,0.350,188
0,5.39,0.352,188
0,5.39,0.353,188
0,5.40,0.354,188
0,5.40,0.357,188
0,5.40,0.358,188
0,5.40,0.358,188
0,5.40,0.357,188
0,5.40,0.357,188
0,5.40,0.357,188
0,5.40,0.359,188
0,5.41,0.362,188
0,5.41,0.362,188
0,5.41,0.359,188
0,5.41,0.358,188
0,5.41,0.359,188
0,5.41,0.360,188
0,5.42,0.369,188
0,5.42,0.377,188
0,5.42,0.378,188
0,5.42,0.380,188
0,5.43,0.385,188
0,5.44,0.304,188
0,5.45,0.306,188
0,5.49,0.747,188
0,5.49,0.750,188
0,5.49,0.755,188
0,5.49,0.750,188
0,5.50,0.715,188
0,5.50,0.688,188
0,5.51,0.717,188
0,5.51,0.745,188
0,5.51,0.745,188
0,5.51,0.747,188
0,5.51,0.751,188
0,5.52,0.752,188
0,5.52,0.753,188
0,5.52,0.756,188
0,5.52,0.760,188
0,5.53,0.794,188
0,5.53,0.822,188
0,5.53,0.817,188
0,5.53,0.818,188
0,5.53,0.824,188
0,5.53,0.832,188
0,5.54,0.841,188
0,5.54,0.852,188
0,5.54,0.859,188
0,5.54,0.869,188
0,5.54,0.881,188
0,5.55,0.886,188
0,5.55,0.885,188
0,5.56,1.025,188
0,5.56,1.023,188
0,5.57,1.019,188
0,5.57,1.019,188
0,5.57,1.020,188
0,5.57,1.020,188
0,5.57,1.019,188
0,5.57,1.020,188
0,5.57,1.021,188
0,5.58,1.021,188
0,5.58,1.016,188
0,5.58,1.006,188
0,5.60,0.893,188
0,5.66,0.450,188
0,5.67,0.438,188
0,5.67,0.425,188
0,5.67,0.424,188
0,5.67,0.421,188
0,5.67,0.416,188
0,5.67,0.412,188
0,5.67,0.410,188
0,5.67,0.409,188
0,5.68,0.407,188
0,5.68,0.402,188
0,5.68,0.400,188
0,5.68,0.398,188
0,5.68,0.397,188
0,5.68,0.397,188
0,5.68,0.396,188
0,5.69,0.394,188
0,5.69,0.392,188
0,5.69,0.389,188
0,5.69,0.387,188
0,5.69,0.387,188
0,5.69,0.388,188
0,5.69,0.388,188
0,5.69,0.387,188
0,5.70,0.387,188
0,5.70,0.387,188
0,5.70,0.388,188
0,5.70,0.388,188
0,5.70,0.389,188
0,5.70,0.387,188
0,5.70,0.382,188
0,5.70,0.380,188
0,5.71,0.382,188
0,5.71,0.384,188
0,5.71,0.385,188
0,5.71,0.385,188
0,5.71,0.385,188
0,5.71,0.385,188
0,5.71,0.385,188
0,5.72,0.384,188
0,5.72,0.384,188
0,5.72,0.383,188
0,5.72,0.381,188
0,5.72,0.379,188
0,5.72,0.378,188
0,5.72,0.378,188
0,5.72,0.378,188
0,5.73,0.379,188
0,5.73,0.377,188
0,5.73,0.374,188
0,5.73,0.369,188
0,5.73,0.365,188
0,5.73,0.364,188
0,5.73,0.364,188
0,5.73,0.361,188
0,5.74,0.356,188
0,5.74,0.350,188
0,5.76,0.234,188
0,5.76,0.233,188
0,5.76,0.230,188
0,5.76,0.226,188
0,5.76,0.223,188
0,5.77,0.221,188
0,5.77,0.219,188
0,5.77,0.209,188
0,5.78,0.199,188
0,5.78,0.198,188
0,5.78,0.198,188
0,5.78,0.197,188
0,5.78,0.196,188
0,5.78,0.197,188
0,5.78,0.198,188
0,5.78,0.198,188
0,5.79,0.198,188
0,5.79,0.213,188
0,5.80,0.230,188
0,5.80,0.234,188
0,5.80,0.238,188
0,5.82,0.340,188
0,5.82,0.341,188
0,5.82,0.342,188
0,5.82,0.341,188
0,5.82,0.340,188
0,5.82,0.341,188
0,5.82,0.343,188
0,5.83,0.345,188
0,5.83,0.346,188
0,5.83,0.347,188
0,5.83,0.350,188
0,5.83,0.352,188
0,5.83,0.361,188
0,5.84,0.369,188
0,5.84,0.369,188
0,5.84,0.369,188
0,5.84,0.371,188
0,5.84,0.375,188
0,5.84,0.377,188
0,5.85,0.378,188
0,5.85,0.380,188
0,5.85,0.385,188
0,5.85,0.390,188
0,5.85,0.392,188
0,5.85,0.394,188
0,5.85,0.395,188
0,5.86,0.395,188
0,5.86,0.397,188
0,5.86,0.400,188
0,5.86,0.406,188
0,5.86,0.410,188
0,5.86,0.412,188
0,5.86,0.414,188
0,5.87,0.416,188
0,5.91,1.613,188
0,5.91,1.612,188
0,5.92,1.611,188
0,5.92,1.611,188
0,5.92,1.612,188
0,5.92,1.611,188
0,5.92,1.610,188
0,5.92,1.609,188
0,5.92,1.604,188
0,5.92,1.602,188
0,5.93,1.602,188
0,5.94,1.338,188
0,5.94,1.336,188
0,5.94,1.333,188
0,5.95,1.333,188
0,5.95,1.333,188
0,5.95,1.332,188
0,5.95,1.332,188
0,5.95,1.332,188
0,5.95,1.332,188
0,5.95,1.332,188
0,5.96,1.334,188
0,5.96,1.335,188
0,5.96,1.335,188
0,5.96,1.335,188
0,5.96,1.335,188
0,5.96,1.335,188
0,5.96,1.337,188
0,5.96,1.341,188
0,5.97,1.343,188
0,5.97,1.347,188
0,5.97,1.353,188
0,5.98,1.502,188
0,5.98,1.503,188
0,5.98,1.502,188
0,5.98,1.499,188
0,5.98,1.495,188
0,5.98,1.491,188
0,5.98,1.489,188
0,5.99,1.492,188
0,5.99,1.494,188
0,5.99,1.494,188
0,5.99,1.494,188
0,5.99,1.495,188
0,5.99,1.495,188
0,5.99,1.494,188
0,5.99,1.493,188
0,6.00,1.493,188
0,6.00,1.494,188
0,6.00,1.495,188
0,6.00,1.500,188
0,6.00,1.507,188
0,6.00,1.515,188
0,6.00,1.521,188
0,6.01,1.525,188
0,6.01,1.527,188
0,6.01,1.525,188
0,6.01,1.521,188
0,6.01,1.517,188
0,6.01,1.515,188
0,6.01,1.514,188
0,6.02,1.514,188
0,6.02,1.514,188
0,6.02,1.514,188
0,6.02,1.514,188
0,6.02,1.514,188
0,6.02,1.514,188
0,6.02,1.514,188
0,6.02,1.511,188
0,6.03,1.505,188
0,6.03,1.502,188
0,6.03,1.503,188
0,6.03,1.502,188
0,6.03,1.500,188
0,6.03,1.497,188
0,6.03,1.496,188
0,6.03,1.495,188
0,6.04,1.493,188
0,6.06,1.037,188
0,6.06,1.033,188
0,6.06,1.027,188
0,6.07,1.020,188
0,6.07,1.015,188
0,6.07,1.012,188
0,6.07,1.010,188
0,6.07,1.008,188
0,6.07,1.006,188
0,6.07,1.006,188
0,6.07,1.005,188
0,6.08,1.005,188
0,6.08,1.006,188
0,6.08,1.006,188
0,6.08,1.006,188
0,6.08,1.005,188
0,6.08,1.001,188
0,6.08,0.998,188
0,6.08,0.998,188
0,6.09,0.998,188
0,6.09,0.997,188
0,6.09,0.996,188
0,6.09,0.995,188
0,6.09,0.995,188
0,6.09,0.995,188
0,6.09,0.995,188
0,6.09,0.994,188
0,6.10,0.994,188
0,6.10,0.994,188
0,6.10,0.994,188
0,6.10,0.994,188
0,6.10,0.996,188
0,6.10,0.999,188
0,6.10,0.999,188
0,6.10,1.000,188
0,6.11,1.001,188
0,6.11,1.002,188
0,6.11,1.003,188
0,6.11,1.004,188
0,6.11,1.004,188
0,6.11,1.004,188
0,6.11,1.004,188
0,6.12,1.005,188
0,6.12,1.006,188
0,6.12,1.007,188
0,6.12,1.009,188
0,6.12,1.015,188
0,6.12,1.021,188
0,6.12,1.022,188
0,6.12,1.021,188
0,6.13,1.022,188
0,6.13,1.025,188
0,6.13,1.028,188
0,6.13,1.033,188
0,6.14,1.063,188
0,6.14,1.087,188
0,6.14,1.080,188
0,6.14,1.074,188
0,6.15,1.073,188
0,6.15,1.074,188
0,6.15,1.074,188
0,6.15,1.072,188
0,6.15,1.071,188
0,6.15,1.070,188
0,6.15,1.070,188
0,6.15,1.069,188
0,6.16,1.068,188
0,6.16,1.067,188
0,6.16,1.067,188
0,6.16,1.066,188
0,6.16,1.066,188
0,6.16,1.065,188
0,6.16,1.065,188
0,6.17,1.065,188
0,6.17,1.065,188
0,6.17,1.065,188
0,6.17,1.065,188
0,6.17,1.065,188
0,6.17,1.066,188
0,6.17,1.068,188
0,6.17,1.069,188
0,6.18,1.069,188
0,6.18,1.068,188
0,6.18,1.068,188
0,6.18,1.068,188
0,6.18,1.070,188
0,6.18,1.071,188
0,6.18,1.072,188
0,6.19,1.077,188
0,6.19,1.082,188
0,6.19,1.085,188
0,6.22,1.114,188
0,6.22,1.139,188
0,6.22,1.136,188
0,6.23,1.137,188
0,6.23,1.138,188
0,6.23,1.137,188
0,6.23,1.136,188
0,6.23,1.135,188
0,6.23,1.133,188
0,6.23,1.132,188
0,6.23,1.131,188
0,6.24,1.131,188
0,6.24,1.130,188
0,6.24,1.127,188
0,6.24,1.126,188
0,6.24,1.126,188
0,6.24,1.126,188
0,6.24,1.126,188
0,6.24,1.127,188
0,6.25,1.128,188
0,6.25,1.128,188
0,6.25,1.129,188
0,6.25,1.129,188
0,6.25,1.129,188
0,6.25,1.128,188
0,6.25,1.128,188
0,6.25,1.127,188
0,6.26,1.127,188
0,6.26,1.127,188
0,6.26,1.127,188
0,6.26,1.126,188
0,6.26,1.127,188
0,6.26,1.129,188
0,6.26,1.130,188
0,6.26,1.131,188
0,6.27,1.132,188
0,6.27,1.132,188
0,6.27,1.133,188
0,6.27,1.133,188
0,6.27,1.133,188
0,6.27,1.135,188
0,6.27,1.136,188
0,6.28,1.137,188
0,6.28,1.137,188
0,6.28,1.138,188
0,6.28,1.139,188
0,6.28,1.143,188
0,6.28,1.147,188
1,0.03,1.179,188
1,0.03,1.204,188
1,0.03,1.199,188
1,0.04,1.321,188
1,0.05,1.321,188
1,0.05,1.321,188
1,0.05,1.323,188
1,0.05,1.324,188
1,0.05,1.325,188
1,0.06,1.324,188
1,0.06,1.324,188
1,0.06,1.322,188
1,0.06,1.320,188
1,0.06,1.320,188
1,0.07,1.319,188
1,0.07,1.318,188
1,0.07,1.317,188
1,0.07,1.317,188
1,0.07,1.317,188
1,0.08,1.319,188
1,0.08,1.322,188
1,0.08,1.326,188
1,0.08,1.328,188
1,0.11,2.220,188
1,0.11,2.219,188
1,0.11,2.216,188
1,0.11,2.215,188
1,0.12,2.218,188
1,0.12,2.220,188
1,0.12,2.216,188
1,0.12,2.213,188
1,0.12,2.211,188
1,0.13,2.211,188
1,0.13,2.212,188
1,0.13,2.211,188
1,0.13,2.208,188
1,0.13,2.207,188
1,0.14,2.209,188
1,0.14,2.209,188
1,0.14,2.205,188
1,0.14,2.203,188
1,0.15,2.202,188
1,0.15,2.201,188
1,0.15,2.202,188
1,0.15,2.204,188
1,0.15,2.208,188
1,0.16,2.211,188
1,0.16,2.217,188
1,0.17,2.680,188
1,0.17,2.680,188
1,0.18,2.680,188
1,0.18,2.681,188
1,0.18,2.686,188
1,0.18,2.692,188
1,0.18,2.694,188
1,0.19,2.695,188
1,0.19,2.695,188
1,0.19,2.695,188
1,0.19,2.695,188
1,0.19,2.693,188
1,0.20,2.692,188
1,0.20,2.694,188
1,0.20,2.694,188
1,0.20,2.694,188
1,0.21,2.693,188
1,0.21,2.694,188
1,0.21,2.696,188
1,0.21,2.700,188
1,0.21,2.702,188
1,0.22,2.700,188
1,0.22,2.700,188
1,0.22,2.701,188
1,0.22,2.701,188
1,0.22,2.703,188
1,0.23,2.706,188
1,0.23,2.711,188
1,0.23,2.714,188
1,0.23,2.716,188
1,0.23,2.718,188
1,0.24,2.721,188
1,0.24,2.722,188
1,0.24,2.723,188
1,0.24,2.723,188
1,0.24,2.727,188
1,0.25,2.732,188
1,0.25,2.738,188
1,0.25,2.743,188
1,0.25,2.746,188
1,0.25,2.748,188
1,0.26,2.752,188
1,0.26,2.759,188
1,0.26,2.764,188
1,0.26,2.768,188
1,0.27,2.776,188
1,0.27,2.788,188
1,0.27,2.800,188
1,0.27,2.810,188
1,0.27,2.820,188
1,0.28,2.834,188
1,0.28,2.854,188
1,0.28,2.889,188
1,0.29,3.130,188
1,0.30,3.109,188
1,0.30,3.065,188
1,0.30,3.020,188
1,0.30,2.947,188
1,0.30,2.921,188
1,0.31,2.848,188
1,0.31,2.833,188
1,0.31,2.811,188
1,0.31,2.798,188
1,0.31,2.788,188
1,0.32,2.776,188
1,0.32,2.764,188
1,0.33,2.905,188
1,0.33,2.901,188
1,0.33,2.889,188
1,0.33,2.879,188
1,0.34,2.880,188
1,0.34,2.889,188
1,0.34,2.894,188
1,0.34,2.891,188
1,0.35,2.889,188
1,0.35,2.897,188
1,0.36,4.126,188
1,0.36,4.126,188
1,0.36,4.127,188
1,0.36,4.127,188
1,0.37,4.126,188
1,0.37,4.126,188
1,0.37,4.128,188
1,0.37,4.131,188
1,0.38,4.133,188
1,0.38,4.136,188
1,0.38,4.138,188
1,0.38,4.139,188
1,0.38,4.139,188
1,0.39,4.139,188
1,0.39,4.139,188
1,0.39,4.139,188
1,0.39,4.141,188
1,0.39,4.145,188
1,0.40,4.149,188
1,0.40,4.149,188
1,0.40,4.149,188
1,0.40,4.149,188
1,0.40,4.149,188
1,0.41,4.149,188
1,0.41,4.149,188
1,0.41,4.149,188
1,0.41,4.151,188
1,0.41,4.153,188
1,0.42,4.154,188
1,0.42,4.158,188
1,0.42,4.160,188
1,0.42,4.161,188
1,0.43,4.161,188
1,0.43,4.161,188
1,0.43,4.163,188
1,0.43,4.167,188
1,0.43,4.170,188
1,0.44,4.170,188
1,0.44,4.170,188
1,0.44,4.170,188
1,0.44,4.170,188
1,0.44,4.171,188
1,0.45,4.174,188
1,0.45,4.176,188
1,0.45,4.177,188
1,0.45,4.179,188
1,0.45,4.180,188
1,0.46,3.511,188
1,0.46,3.501,188
1,0.47,3.481,188
1,0.48,3.321,188
1,0.48,3.317,188
1,0.48,3.308,188
1,0.48,3.298,188
1,0.49,3.290,188
1,0.49,3.281,188
1,0.49,3.271,188
1,0.49,3.262,188
1,0.49,3.255,188
1,0.50,3.250,188
1,0.50,3.245,188
1,0.50,3.245,188
1,0.50,3.250,188
1,0.50,3.254,188
1,0.51,3.255,188
1,0.51,3.255,188
1,0.51,3.251,188
1,0.51,3.244,188
1,0.52,3.234,188
1,0.52,3.221,188
1,0.52,3.207,188
1,0.52,3.188,188
1,0.52,3.166,188
1,0.53,3.144,188
1,0.53,3.126,188
1,0.53,3.107,188
1,0.53,3.081,188
1,0.53,3.060,188
1,0.54,3.045,188
1,0.54,3.025,188
1,0.54,3.005,188
1,0.54,2.990,188
1,0.54,2.978,188
1,0.55,2.967,188
1,0.55,2.957,188
1,0.55,2.943,188
1,0.55,2.923,188
1,0.55,2.906,188
1,0.56,2.892,188
1,0.56,2.881,188
1,0.56,2.866,188
1,0.56,2.846,188
1,0.56,2.830,188
1,0.57,2.813,188
1,0.57,2.789,188
1,0.57,2.768,188
1,0.57,2.754,188
1,0.58,2.739,188
1,0.58,2.723,188
1,0.58,2.699,188
1,0.58,2.670,188
1,0.58,2.650,188
1,0.59,2.641,188
1,0.59,2.636,188
1,0.59,2.632,188
1,0.59,2.630,188
1,0.59,2.628,188
1,0.60,2.630,188
1,0.60,2.635,188
1,0.60,2.639,188
1,0.60,2.640,188
1,0.60,2.641,188
1,0.61,2.642,188
1,0.61,2.644,188
1,0.61,2.649,188
1,0.61,2.652,188
1,0.62,2.652,188
1,0.62,2.653,188
1,0.62,2.657,188
1,0.62,2.661,188
1,0.62,2.663,188
1,0.63,2.666,188
1,0.63,2.670,188
1,0.63,2.673,188
1,0.63,2.673,188
1,0.63,2.674,188
1,0.64,2.677,188
1,0.64,2.683,188
1,0.64,2.687,188
1,0.64,2.687,188
1,0.64,2.688,188
1,0.65,2.691,188
1,0.65,2.693,188
1,0.65,2.695,188
1,0.65,2.697,188
1,0.65,2.700,188
1,0.66,2.704,188
1,0.66,2.707,188
1,0.66,2.710,188
1,0.66,2.712,188
1,0.67,2.715,188
1,0.67,2.716,188
1,0.67,2.718,188
1,0.67,2.723,188
1,0.67,2.728,188
1,0.68,2.731,188
1,0.68,2.734,188
1,0.68,2.738,188
1,0.68,2.740,188
1,0.68,2.740,188
1,0.69,2.741,188
1,0.69,2.744,188
1,0.69,2.750,188
1,0.69,2.754,188
1,0.69,2.757,188
1,0.70,2.760,188
1,0.70,2.763,188
1,0.70,2.765,188
1,0.70,2.765,188
1,0.70,2.768,188
1,0.71,2.773,188
1,0.71,2.778,188
1,0.71,2.781,188
1,0.71,2.784,188
1,0.72,2.788,188
1,0.72,2.789,188
1,0.72,2.792,188
1,0.72,2.795,188
1,0.72,2.798,188
1,0.73,2.801,188
1,0.73,2.817,188
1,0.73,2.848,188
1,0.74,2.870,188
1,0.74,2.880,188
1,0.74,2.896,188
1,0.75,4.059,188
1,0.75,4.059,188
1,0.76,4.058,188
1,0.76,4.052,188
1,0.76,4.045,188
1,0.76,4.039,188
1,0.76,4.036,188
1,0.77,4.027,188
1,0.77,4.011,188
1,0.77,3.998,188
1,0.77,3.991,188
1,0.77,3.990,188
1,0.78,3.993,188
1,0.78,4.001,188
1,0.78,4.013,188
1,0.78,4.024,188
1,0.78,4.034,188
1,0.79,4.044,188
1,0.79,4.055,188
1,0.79,4.061,188
1,0.79,4.065,188
1,0.79,4.067,188
1,0.80,4.061,188
1,0.80,4.048,188
1,0.80,4.015,188
1,0.81,3.906,188
1,0.81,3.881,188
1,0.81,3.865,188
1,0.81,3.882,188
1,0.81,3.889,188
1,0.82,3.884,188
1,0.82,3.870,188
1,0.82,3.851,188
1,0.82,3.827,188
1,0.82,3.799,188
1,0.83,3.769,188
1,0.83,3.734,188
1,0.83,3.701,188
1,0.83,3.673,188
1,0.83,3.648,188
1,0.84,3.629,188
1,0.84,3.605,188
1,0.84,3.577,188
1,0.84,3.553,188
1,0.85,3.538,188
1,0.85,3.528,188
1,0.85,3.523,188
1,0.85,3.518,188
1,0.85,3.512,188
1,0.86,3.503,188
1,0.86,3.496,188
1,0.86,3.490,188
1,0.86,3.486,188
1,0.86,3.483,188
1,0.87,3.481,188
1,0.87,3.479,188
1,0.88,3.680,188
1,0.88,3.698,188
1,0.89,4.338,188
1,0.89,4.337,188
1,0.89,4.335,188
1,0.90,4.332,188
1,0.90,4.328,188
1,0.90,4.326,188
1,0.91,2.842,188
1,0.91,2.821,188
1,0.92,2.781,188
1,0.92,2.757,188
1,0.92,2.754,188
1,0.92,2.754,188
1,0.92,2.752,188
1,0.93,2.747,188
1,0.93,2.746,188
1,0.93,2.761,188
1,0.93,2.794,188
1,0.93,2.828,188
1,0.94,2.862,188
1,0.94,2.946,188
1,0.95,2.591,188
1,0.95,2.593,188
1,0.95,2.597,188
1,0.95,2.597,188
1,0.96,2.601,188
1,0.96,2.626,188
1,0.96,2.671,188
1,0.96,2.702,188
1,0.96,2.710,188
1,0.97,2.709,188
1,0.97,2.698,188
1,0.98,0.902,188
1,1.00,0.905,188
1,1.00,0.909,188
1,1.01,0.909,188
1,1.01,0.906,188
1,1.01,0.904,188
1,1.01,0.903,188
1,1.01,0.902,188
1,1.02,0.899,188
1,1.02,0.897,188
1,1.02,0.899,188
1,1.02,0.901,188
1,1.02,0.902,188
1,1.03,0.902,188
1,1.03,0.903,188
1,1.03,0.903,188
1,1.03,0.904,188
1,1.04,0.905,188
1,1.04,0.905,188
1,1.04,0.905,188
1,1.04,0.905,188
1,1.04,0.905,188
1,1.05,0.905,188
1,1.05,0.905,188
1,1.05,0.905,188
1,1.05,0.905,188
1,1.05,0.905,188
1,1.06,0.905,188
1,1.06,0.904,188
1,1.08,0.830,188
1,1.08,0.827,188
1,1.08,0.823,188
1,1.08,0.822,188
1,1.09,0.822,188
1,1.09,0.822,188
1,1.09,0.822,188
1,1.09,0.822,188
1,1.09,0.822,188
1,1.10,0.822,188
1,1.10,0.822,188
1,1.10,0.822,188
1,1.10,0.822,188
1,1.10,0.822,188
1,1.11,0.822,188
1,1.11,0.822,188
1,1.11,0.822,188
1,1.11,0.822,188
1,1.11,0.822,188
1,1.12,0.822,188
1,1.12,0.822,188
1,1.12,0.822,188
1,1.12,0.822,188
1,1.13,0.822,188
1,1.13,0.822,188
1,1.13,0.821,188
1,1.13,0.821,188
1,1.13,0.821,188
1,1.14,0.821,188
1,1.14,0.821,188
1,1.14,0.821,188
1,1.14,0.821,188
1,1.14,0.820,188
1,1.15,0.820,188
1,1.15,0.820,188
1,1.15,0.820,188
1,1.15,0.820,188
1,1.16,0.820,188
1,1.16,0.820,188
1,1.16,0.820,188
1,1.16,0.820,188
1,1.16,0.820,188
1,1.17,0.820,188
1,1.17,0.820,188
1,1.17,0.820,188
1,1.17,0.820,188
1,1.18,0.820,188
1,1.18,0.820,188
1,1.18,0.820,188
1,1.18,0.820,188
1,1.18,0.820,188
1,1.19,0.820,188
1,1.19,0.820,188
1,1.19,0.820,188
1,1.19,0.820,188
1,1.19,0.820,188
1,1.20,0.820,188
1,1.20,0.820,188
1,1.20,0.820,188
1,1.20,0.819,188
1,1.21,0.818,188
1,1.21,0.818,188
1,1.21,0.816,188
1,1.21,0.815,188
1,1.21,0.815,188
1,1.22,0.814,188
1,1.22,0.814,188
1,1.22,0.813,188
1,1.22,0.813,188
1,1.22,0.814,188
1,1.23,0.813,188
1,1.23,0.811,188
1,1.23,0.808,188
1,1.23,0.804,188
1,1.23,0.801,188
1,1.24,0.801,188
1,1.24,0.801,188
1,1.24,0.801,188
1,1.24,0.800,188
1,1.24,0.799,188
1,1.25,0.799,188
1,1.25,0.798,188
1,1.25,0.798,188
1,1.25,0.795,188
1,1.26,0.788,188
1,1.26,0.784,188
1,1.26,0.782,188
1,1.28,0.751,188
1,1.28,0.720,188
1,1.28,0.718,188
1,1.28,0.718,188
1,1.28,0.718,188
1,1.29,0.716,188
1,1.29,0.715,188
1,1.29,0.714,188
1,1.29,0.713,188
1,1.30,0.711,188
1,1.30,0.710,188
1,1.30,0.709,188
1,1.30,0.709,188
1,1.30,0.708,188
1,1.31,0.707,188
1,1.31,0.706,188
1,1.31,0.702,188
1,1.31,0.697,188
1,1.31,0.695,188
1,1.32,0.691,188
1,1.32,0.685,188
1,1.32,0.678,188
1,1.33,0.672,188
1,1.33,0.668,188
1,1.33,0.664,188
1,1.34,0.662,188
1,1.34,0.661,188
1,1.36,0.629,188
1,1.36,0.595,188
1,1.36,0.589,188
1,1.36,0.587,188
1,1.37,0.587,188
1,1.37,0.588,188
1,1.37,0.587,188
1,1.37,0.587,188
1,1.38,0.586,188
1,1.38,0.586,188
1,1.38,0.586,188
1,1.38,0.586,188
1,1.38,0.586,188
1,1.39,0.586,188
1,1.39,0.586,188
1,1.39,0.586,188
1,1.39,0.586,188
1,1.39,0.586,188
1,1.40,0.586,188
1,1.40,0.585,188
1,1.40,0.585,188
1,1.40,0.586,188
1,1.40,0.588,188
1,1.41,0.590,188
1,1.41,0.593,188
1,1.41,0.595,188
1,1.41,0.594,188
1,1.42,0.595,188
1,1.42,0.599,188
1,1.42,0.602,188
1,1.42,0.605,188
1,1.42,0.608,188
1,1.43,0.611,188
1,1.43,0.616,188
1,1.43,0.623,188
1,1.44,0.631,188
1,1.44,0.635,188
1,1.44,0.636,188
1,1.44,0.636,188
1,1.44,0.637,188
1,1.45,0.637,188
1,1.45,0.638,188
1,1.45,0.638,188
1,1.45,0.638,188
1,1.45,0.638,188
1,1.46,0.638,188
1,1.46,0.639,188
1,1.46,0.639,188
1,1.46,0.639,188
1,1.47,0.640,188
1,1.47,0.641,188
1,1.47,0.642,188
1,1.47,0.643,188
1,1.47,0.644,188
1,1.48,0.646,188
1,1.48,0.649,188
1,1.48,0.653,188
1,1.48,0.655,188
1,1.48,0.655,188
1,1.49,0.655,188
1,1.49,0.656,188
1,1.49,0.657,188
1,1.49,0.658,188
1,1.49,0.661,188
1,1.50,0.663,188
1,1.50,0.663,188
1,1.50,0.664,188
1,1.50,0.665,188
1,1.51,0.666,188
1,1.51,0.667,188
1,1.51,0.668,188
1,1.51,0.669,188
1,1.51,0.669,188
1,1.52,0.672,188
1,1.52,0.678,188
1,1.52,0.680,188
1,1.52,0.678,188
1,1.52,0.678,188
1,1.53,0.680,188
1,1.53,0.682,188
1,1.53,0.684,188
1,1.53,0.687,188
1,1.54,0.694,188
1,1.54,0.700,188
1,1.54,0.702,188
1,1.54,0.704,188
1,1.55,0.707,188
1,1.55,0.710,188
1,1.55,0.712,188
1,1.55,0.713,188
1,1.55,0.713,188
1,1.56,0.712,188
1,1.56,0.712,188
1,1.56,0.712,188
1,1.56,0.712,188
1,1.57,0.714,188
1,1.57,0.714,188
1,1.57,0.718,188
1,1.57,0.725,188
1,1.58,0.728,188
1,1.58,0.733,188
1,1.58,0.743,188
1,1.59,0.749,188
1,1.59,0.751,188
1,1.59,0.752,188
1,1.59,0.753,188
1,1.60,0.753,188
1,1.60,0.753,188
1,1.60,0.754,188
1,1.60,0.754,188
1,1.60,0.756,188
1,1.61,0.758,188
1,1.61,0.759,188
1,1.61,0.760,188
1,1.61,0.763,188
1,1.61,0.769,188
1,1.62,0.772,188
1,1.62,0.772,188
1,1.62,0.770,188
1,1.62,0.769,188
1,1.63,0.768,188
1,1.63,0.770,188
1,1.63,0.773,188
1,1.63,0.774,188
1,1.63,0.775,188
1,1.64,0.776,188
1,1.64,0.776,188
1,1.64,0.776,188
1,1.64,0.777,188
1,1.64,0.777,188
1,1.65,0.777,188
1,1.65,0.777,188
1,1.65,0.776,188
1,1.65,0.777,188
1,1.65,0.780,188
1,1.69,2.458,188
1,1.69,2.456,188
1,1.69,2.450,188
1,1.69,2.443,188
1,1.69,2.436,188
1,1.70,2.425,188
1,1.70,2.410,188
1,1.70,2.397,188
1,1.71,2.391,188
1,1.71,2.386,188
1,1.71,2.385,188
1,1.71,2.386,188
1,1.71,2.382,188
1,1.72,2.375,188
1,1.72,2.372,188
1,1.72,2.374,188
1,1.72,2.375,188
1,1.76,0.957,188
1,1.76,0.957,188
1,1.76,0.956,188
1,1.76,0.954,188
1,1.77,0.949,188
1,1.77,0.947,188
1,1.77,0.948,188
1,1.77,0.948,188
1,1.77,0.947,188
1,1.78,0.947,188
1,1.78,0.949,188
1,1.78,0.952,188
1,1.78,0.952,188
1,1.79,0.949,188
1,1.79,0.945,188
1,1.79,0.940,188
1,1.79,0.940,188
1,1.79,0.942,188
1,1.80,0.940,188
1,1.83,0.735,188
1,1.83,0.733,188
1,1.83,0.734,188
1,1.84,0.743,188
1,1.88,0.492,188
1,1.88,0.492,188
1,1.88,0.492,188
1,1.89,0.492,188
1,1.89,0.493,188
1,1.93,0.773,188
1,1.93,0.771,188
1,1.93,0.766,188
1,1.93,0.762,188
1,1.94,0.759,188
1,1.96,0.686,188
1,1.96,0.687,188
1,1.99,0.808,188
1,1.99,0.811,188
1,1.99,0.817,188
1,1.99,0.821,188
1,2.00,0.822,188
1,2.00,0.822,188
1,2.00,0.821,188
1,2.00,0.822,188
1,2.00,0.825,188
1,2.01,0.824,188
1,2.03,0.742,188
1,2.03,0.742,188
1,2.03,0.741,188
1,2.03,0.740,188
1,2.04,0.739,188
1,2.04,0.739,188
1,2.04,0.739,188
1,2.04,0.738,188
1,2.04,0.738,188
1,2.05,0.737,188
1,2.05,0.734,188
1,2.05,0.730,188
1,2.05,0.726,188
1,2.06,0.722,188
1,2.06,0.719,188
1,2.06,0.719,188
1,2.06,0.719,188
1,2.07,0.717,188
1,2.07,0.712,188
1,2.07,0.709,188
1,2.07,0.705,188
1,2.08,0.699,188
1,2.08,0.696,188
1,2.08,0.697,188
1,2.08,0.697,188
1,2.08,0.695,188
1,2.09,0.693,188
1,2.09,0.691,188
1,2.09,0.691,188
1,2.09,0.689,188
1,2.09,0.686,188
1,2.10,0.687,188
1,2.10,0.689,188
1,2.10,0.692,188
1,2.12,0.724,188
1,2.12,0.756,188
1,2.12,0.759,188
1,2.12,0.761,188
1,2.13,0.762,188
1,2.13,0.763,188
1,2.13,0.764,188
1,2.13,0.766,188
1,2.14,0.769,188
1,2.14,0.769,188
1,2.14,0.769,188
1,2.14,0.769,188
1,2.14,0.770,188
1,2.15,0.772,188
1,2.15,0.773,188
1,2.15,0.773,188
1,2.15,0.775,188
1,2.16,0.782,188
1,2.16,0.792,188
1,2.17,0.797,188
1,2.17,0.802,188
1,2.17,0.810,188
1,2.17,0.814,188
1,2.18,0.816,188
1,2.18,0.819,188
1,2.18,0.820,188
1,2.18,0.820,188
1,2.18,0.819,188
1,2.19,0.820,188
1,2.19,0.822,188
1,2.19,0.828,188
1,2.19,0.833,188
1,2.19,0.835,188
1,2.20,0.838,188
1,2.20,0.845,188
1,2.20,0.851,188
1,2.20,0.851,188
1,2.21,0.846,188
1,2.23,0.504,188
1,2.24,0.502,188
1,2.24,0.498,188
1,2.24,0.495,188
1,2.24,0.494,188
1,2.24,0.493,188
1,2.25,0.490,188
1,2.25,0.488,188
1,2.25,0.487,188
1,2.25,0.487,188
1,2.25,0.485,188
1,2.26,0.481,188
1,2.26,0.479,188
1,2.26,0.479,188
1,2.26,0.478,188
1,2.27,0.476,188
1,2.27,0.474,188
1,2.27,0.473,188
1,2.27,0.471,188
1,2.27,0.470,188
1,2.28,0.468,188
1,2.28,0.467,188
1,2.28,0.467,188
1,2.28,0.466,188
1,2.28,0.464,188
1,2.29,0.463,188
1,2.29,0.461,188
1,2.29,0.460,188
1,2.29,0.459,188
1,2.29,0.455,188
1,2.30,0.450,188
1,2.30,0.448,188
1,2.30,0.451,188
1,2.30,0.450,188
1,2.31,0.447,188
1,2.31,0.444,188
1,2.31,0.443,188
1,2.31,0.443,188
1,2.31,0.441,188
1,2.32,0.439,188
1,2.32,0.439,188
1,2.32,0.439,188
1,2.32,0.439,188
1,2.33,0.437,188
1,2.33,0.434,188
1,2.33,0.434,188
1,2.33,0.434,188
1,2.33,0.433,188
1,2.34,0.430,188
1,2.34,0.428,188
1,2.34,0.428,188
1,2.34,0.428,188
1,2.34,0.428,188
1,2.35,0.427,188
1,2.35,0.424,188
1,2.35,0.423,188
1,2.35,0.423,188
1,2.36,0.423,188
1,2.36,0.419,188
1,2.36,0.416,188
1,2.36,0.415,188
1,2.36,0.414,188
1,2.37,0.413,188
1,2.37,0.413,188
1,2.37,0.413,188
1,2.37,0.412,188
1,2.38,0.412,188
1,2.38,0.411,188
1,2.38,0.411,188
1,2.38,0.410,188
1,2.38,0.409,188
1,2.39,0.408,188
1,2.39,0.407,188
1,2.39,0.404,188
1,2.39,0.404,188
1,2.39,0.404,188
1,2.40,0.401,188
1,2.40,0.401,188
1,2.40,0.401,188
1,2.40,0.399,188
1,2.41,0.399,188
1,2.41,0.398,188
1,2.41,0.396,188
1,2.41,0.393,188
1,2.41,0.390,188
1,2.42,0.390,188
1,2.42,0.390,188
1,2.42,0.390,188
1,2.42,0.390,188
1,2.42,0.389,188
1,2.43,0.387,188
1,2.43,0.385,188
1,2.43,0.382,188
1,2.43,0.381,188
1,2.44,0.382,188
1,2.44,0.381,188
1,2.44,0.380,188
1,2.44,0.380,188
1,2.44,0.379,188
1,2.45,0.378,188
1,2.45,0.377,188
1,2.45,0.376,188
1,2.45,0.375,188
1,2.45,0.373,188
1,2.46,0.372,188
1,2.46,0.373,188
1,2.46,0.374,188
1,2.46,0.373,188
1,2.46,0.371,188
1,2.47,0.370,188
1,2.47,0.369,188
1,2.47,0.368,188
1,2.48,0.365,188
1,2.48,0.361,188
1,2.48,0.359,188
1,2.48,0.358,188
1,2.48,0.357,188
1,2.49,0.356,188
1,2.49,0.356,188
1,2.49,0.356,188
1,2.49,0.356,188
1,2.49,0.356,188
1,2.50,0.356,188
1,2.50,0.355,188
1,2.50,0.355,188
1,2.50,0.354,188
1,2.51,0.353,188
1,2.51,0.353,188
1,2.51,0.352,188
1,2.51,0.352,188
1,2.51,0.351,188
1,2.52,0.350,188
1,2.52,0.348,188
1,2.52,0.346,188
1,2.52,0.346,188
1,2.52,0.347,188
1,2.53,0.347,188
1,2.53,0.345,188
1,2.53,0.344,188
1,2.53,0.343,188
1,2.54,0.342,188
1,2.54,0.341,188
1,2.54,0.340,188
1,2.54,0.338,188
1,2.54,0.338,188
1,2.55,0.339,188
1,2.55,0.338,188
1,2.55,0.335,188
1,2.55,0.333,188
1,2.56,0.330,188
1,2.56,0.327,188
1,2.56,0.323,188
1,2.59,0.174,188
1,2.60,0.174,188
1,2.60,0.173,188
1,2.60,0.172,188
1,2.60,0.172,188
1,2.60,0.171,188
1,2.61,0.172,188
1,2.61,0.177,188
1,2.63,0.206,188
1,2.64,0.230,188
1,2.64,0.223,188
1,2.64,0.218,188
1,2.67,0.250,188
1,2.68,0.281,188
1,2.68,0.282,188
1,2.68,0.285,188
1,2.68,0.288,188
1,2.69,0.290,188
1,2.69,0.292,188
1,2.69,0.293,188
1,2.69,0.292,188
1,2.70,0.291,188
1,2.70,0.290,188
1,2.70,0.290,188
1,2.70,0.290,188
1,2.70,0.286,188
1,2.71,0.285,188
1,2.71,0.287,188
1,2.71,0.288,188
1,2.71,0.288,188
1,2.71,0.287,188
1,2.72,0.286,188
1,2.72,0.287,188
1,2.72,0.289,188
1,2.72,0.289,188
1,2.73,0.287,188
1,2.73,0.287,188
1,2.73,0.287,188
1,2.73,0.287,188
1,2.73,0.287,188
1,2.74,0.287,188
1,2.74,0.288,188
1,2.74,0.288,188
1,2.74,0.287,188
1,2.74,0.286,188
1,2.75,0.285,188
1,2.75,0.286,188
1,2.75,0.286,188
1,2.75,0.285,188
1,2.76,0.285,188
1,2.76,0.285,188
1,2.76,0.285,188
1,2.76,0.284,188
1,2.76,0.285,188
1,2.77,0.284,188
1,2.77,0.282,188
1,2.77,0.282,188
1,2.77,0.283,188
1,2.78,0.284,188
1,2.78,0.283,188
1,2.78,0.283,188
1,2.78,0.283,188
1,2.78,0.283,188
1,2.79,0.284,188
1,2.79,0.284,188
1,2.79,0.284,188
1,2.79,0.284,188
1,2.79,0.282,188
1,2.80,0.279,188
1,2.83,0.267,188
1,2.83,0.256,188
1,2.91,0.272,188
1,2.91,0.288,188
1,2.92,0.288,188
1,2.92,0.286,188
1,2.92,0.286,188
1,2.92,0.286,188
1,2.93,0.286,188
1,2.93,0.286,188
1,2.93,0.287,188
1,2.93,0.287,188
1,2.93,0.287,188
1,2.94,0.288,188
1,2.94,0.288,188
1,2.94,0.288,188
1,2.94,0.289,188
1,2.94,0.290,188
1,2.95,0.289,188
1,2.95,0.287,188
1,2.95,0.286,188
1,2.95,0.287,188
1,2.96,0.287,188
1,2.96,0.284,188
1,2.96,0.281,188
1,2.96,0.281,188
1,2.96,0.281,188
1,2.97,0.279,188
1,2.97,0.273,188
1,2.97,0.267,188
1,2.98,0.265,188
1,2.99,0.253,188
1,2.99,0.243,188
1,2.99,0.244,188
1,3.00,0.247,188
1,3.00,0.249,188
1,3.00,0.249,188
1,3.00,0.248,188
1,3.00,0.249,188
1,3.01,0.248,188
1,3.01,0.246,188
1,3.03,0.224,188
1,3.03,0.200,188
1,3.03,0.196,188
1,3.03,0.192,188
1,3.04,0.190,188
1,3.04,0.189,188
1,3.04,0.187,188
1,3.04,0.184,188
1,3.04,0.181,188
1,3.05,0.180,188
1,3.05,0.178,188
1,3.05,0.176,188
1,3.05,0.174,188
1,3.06,0.177,188
1,3.06,0.179,188
1,3.06,0.178,188
1,3.06,0.179,188
1,3.07,0.180,188
1,3.07,0.181,188
1,3.07,0.182,188
1,3.07,0.184,188
1,3.07,0.185,188
1,3.08,0.186,188
1,3.08,0.187,188
1,3.08,0.187,188
1,3.08,0.188,188
1,3.09,0.189,188
1,3.09,0.189,188
1,3.09,0.189,188
1,3.09,0.189,188
1,3.09,0.189,188
1,3.10,0.189,188
1,3.10,0.189,188
1,3.10,0.189,188
1,3.10,0.190,188
1,3.10,0.190,188
1,3.11,0.190,188
1,3.11,0.190,188
1,3.11,0.190,188
1,3.11,0.190,188
1,3.12,0.190,188
1,3.12,0.190,188
1,3.12,0.190,188
1,3.12,0.191,188
1,3.12,0.194,188
1,3.13,0.199,188
1,3.13,0.202,188
1,3.13,0.202,188
1,3.13,0.200,188
1,3.13,0.200,188
1,3.14,0.202,188
1,3.14,0.202,188
1,3.14,0.203,188
1,3.14,0.203,188
1,3.15,0.203,188
1,3.15,0.203,188
1,3.15,0.204,188
1,3.15,0.205,188
1,3.15,0.207,188
1,3.16,0.208,188
1,3.16,0.209,188
1,3.16,0.209,188
1,3.16,0.210,188
1,3.16,0.211,188
1,3.17,0.211,188
1,3.17,0.211,188
1,3.17,0.212,188
1,3.17,0.212,188
1,3.18,0.212,188
1,3.18,0.212,188
1,3.18,0.212,188
1,3.18,0.212,188
1,3.19,0.212,188
1,3.19,0.213,188
1,3.19,0.216,188
1,3.19,0.220,188
1,3.19,0.222,188
1,3.20,0.220,188
1,3.20,0.219,188
1,3.20,0.220,188
1,3.20,0.222,188
1,3.21,0.223,188
1,3.21,0.224,188
1,3.21,0.225,188
1,3.21,0.227,188
1,3.21,0.232,188
1,3.22,0.234,188
1,3.22,0.233,188
1,3.22,0.233,188
1,3.22,0.235,188
1,3.23,0.234,188
1,3.25,0.212,188
1,3.25,0.191,188
1,3.25,0.188,188
1,3.26,0.185,188
1,3.26,0.186,188
1,3.26,0.187,188
1,3.26,0.188,188
1,3.29,0.263,188
1,3.29,0.263,188
1,3.29,0.263,188
1,3.30,0.264,188
1,3.30,0.266,188
1,3.30,0.267,188
1,3.30,0.268,188
1,3.34,0.413,188
1,3.34,0.410,188
1,3.34,0.404,188
1,3.35,0.393,188
1,3.35,0.384,188
1,3.35,0.385,188
1,3.36,0.389,188
1,3.36,0.394,188
1,3.37,0.398,188
1,3.37,0.402,188
1,3.37,0.402,188
1,3.37,0.400,188
1,3.37,0.400,188
1,3.38,0.401,188
1,3.38,0.401,188
1,3.38,0.401,188
1,3.38,0.401,188
1,3.39,0.401,188
1,3.39,0.398,188
1,3.39,0.394,188
1,3.39,0.392,188
1,3.39,0.393,188
1,3.40,0.393,188
1,3.40,0.392,188
1,3.40,0.391,188
1,3.40,0.390,188
1,3.40,0.390,188
1,3.41,0.391,188
1,3.41,0.390,188
1,3.41,0.388,188
1,3.41,0.386,188
1,3.42,0.387,188
1,3.42,0.386,188
1,3.42,0.385,188
1,3.42,0.384,188
1,3.42,0.383,188
1,3.43,0.383,188
1,3.43,0.383,188
1,3.43,0.383,188
1,3.43,0.383,188
1,3.43,0.383,188
1,3.44,0.382,188
1,3.44,0.382,188
1,3.44,0.382,188
1,3.44,0.382,188
1,3.45,0.381,188
1,3.45,0.381,188
1,3.45,0.381,188
1,3.45,0.381,188
1,3.45,0.381,188
1,3.46,0.381,188
1,3.46,0.381,188
1,3.46,0.380,188
1,3.46,0.379,188
1,3.46,0.376,188
1,3.47,0.371,188
1,3.47,0.369,188
1,3.47,0.370,188
1,3.47,0.370,188
1,3.48,0.369,188
1,3.48,0.369,188
1,3.48,0.368,188
1,3.48,0.367,188
1,3.48,0.366,188
1,3.49,0.363,188
1,3.49,0.362,188
1,3.49,0.362,188
1,3.49,0.361,188
1,3.49,0.360,188
1,3.50,0.360,188
1,3.50,0.358,188
1,3.50,0.357,188
1,3.50,0.357,188
1,3.51,0.356,188
1,3.51,0.356,188
1,3.51,0.356,188
1,3.51,0.355,188
1,3.51,0.355,188
1,3.52,0.354,188
1,3.52,0.354,188
1,3.52,0.353,188
1,3.52,0.353,188
1,3.52,0.352,188
1,3.53,0.352,188
1,3.53,0.351,188
1,3.53,0.351,188
1,3.53,0.350,188
1,3.54,0.350,188
1,3.54,0.349,188
1,3.54,0.345,188
1,3.54,0.343,188
1,3.54,0.343,188
1,3.55,0.343,188
1,3.55,0.343,188
1,3.55,0.342,188
1,3.55,0.340,188
1,3.56,0.339,188
1,3.56,0.340,188
1,3.56,0.341,188
1,3.56,0.341,188
1,3.56,0.342,188
1,3.57,0.342,188
1,3.57,0.342,188
1,3.57,0.343,188
1,3.57,0.343,188
1,3.57,0.343,188
1,3.58,0.343,188
1,3.58,0.343,188
1,3.58,0.342,188
1,3.58,0.340,188
1,3.59,0.336,188
1,3.59,0.334,188
1,3.59,0.334,188
1,3.59,0.334,188
1,3.59,0.334,188
1,3.60,0.332,188
1,3.60,0.331,188
1,3.60,0.330,188
1,3.60,0.329,188
1,3.61,0.328,188
1,3.61,0.327,188
1,3.61,0.326,188
1,3.61,0.325,188
1,3.61,0.324,188
1,3.62,0.323,188
1,3.62,0.322,188
1,3.62,0.321,188
1,3.62,0.322,188
1,3.62,0.323,188
1,3.63,0.324,188
1,3.63,0.327,188
1,3.63,0.329,188
1,3.63,0.329,188
1,3.64,0.329,188
1,3.64,0.329,188
1,3.64,0.328,188
1,3.64,0.327,188
1,3.64,0.327,188
1,3.65,0.329,188
1,3.65,0.329,188
1,3.65,0.326,188
1,3.65,0.324,188
1,3.66,0.324,188
1,3.66,0.325,188
1,3.66,0.326,188
1,3.66,0.328,188
1,3.66,0.328,188
1,3.67,0.327,188
1,3.67,0.327,188
1,3.67,0.330,188
1,3.67,0.333,188
1,3.68,0.333,188
1,3.68,0.333,188
1,3.68,0.334,188
1,3.68,0.336,188
1,3.68,0.337,188
1,3.69,0.337,188
1,3.69,0.336,188
1,3.69,0.335,188
1,3.74,0.434,188
1,3.74,0.433,188
1,3.76,0.403,188
1,3.76,0.375,188
1,3.78,0.406,188
1,3.78,0.438,188
1,3.78,0.439,188
1,3.79,0.436,188
1,3.81,0.404,188
1,3.81,0.376,188
1,3.82,0.374,188
1,3.82,0.370,188
1,3.82,0.363,188
1,3.83,0.357,188
1,3.84,0.329,188
1,3.84,0.302,188
1,3.85,0.302,188
1,3.85,0.302,188
1,3.85,0.301,188
1,3.85,0.300,188
1,3.85,0.300,188
1,3.86,0.301,188
1,3.86,0.301,188
1,3.86,0.302,188
1,3.88,0.337,188
1,3.88,0.372,188
1,3.88,0.373,188
1,3.89,0.375,188
1,3.89,0.377,188
1,3.89,0.378,188
1,3.89,0.379,188
1,3.90,0.381,188
1,3.90,0.382,188
1,3.90,0.383,188
1,3.90,0.383,188
1,3.90,0.383,188
1,3.91,0.384,188
1,3.91,0.385,188
1,3.91,0.385,188
1,3.91,0.385,188
1,3.91,0.385,188
1,3.92,0.384,188
1,3.92,0.383,188
1,3.92,0.383,188
1,3.92,0.384,188
1,3.93,0.384,188
1,3.93,0.384,188
1,3.93,0.384,188
1,3.93,0.387,188
1,3.93,0.392,188
1,3.95,0.424,188
1,3.97,0.418,188
1,3.97,0.382,188
1,3.98,0.381,188
1,3.98,0.381,188
1,3.98,0.384,188
1,4.00,0.515,188
1,4.00,0.519,188
1,4.01,0.524,188
1,4.01,0.526,188
1,4.01,0.527,188
1,4.01,0.529,188
1,4.01,0.532,188
1,4.02,0.538,188
1,4.03,0.547,188
1,4.03,0.555,188
1,4.03,0.558,188
1,4.03,0.557,188
1,4.03,0.557,188
1,4.04,0.559,188
1,4.04,0.559,188
1,4.04,0.559,188
1,4.04,0.560,188
1,4.05,0.561,188
1,4.05,0.561,188
1,4.05,0.561,188
1,4.05,0.562,188
1,4.05,0.563,188
1,4.06,0.566,188
1,4.06,0.569,188
1,4.06,0.568,188
1,4.06,0.567,188
1,4.07,0.568,188
1,4.07,0.569,188
1,4.07,0.569,188
1,4.07,0.568,188
1,4.07,0.568,188
1,4.08,0.568,188
1,4.08,0.569,188
1,4.08,0.569,188
1,4.08,0.570,188
1,4.09,0.569,188
1,4.09,0.568,188
1,4.09,0.569,188
1,4.09,0.569,188
1,4.09,0.567,188
1,4.10,0.565,188
1,4.10,0.563,188
1,4.10,0.561,188
1,4.10,0.558,188
1,4.11,0.555,188
1,4.11,0.554,188
1,4.11,0.553,188
1,4.11,0.551,188
1,4.12,0.548,188
1,4.16,0.313,188
1,4.16,0.312,188
1,4.18,0.310,188
1,4.19,0.307,188
1,4.19,0.307,188
1,4.19,0.307,188
1,4.19,0.308,188
1,4.20,0.308,188
1,4.20,0.307,188
1,4.20,0.307,188
1,4.22,0.224,188
1,4.22,0.223,188
1,4.23,0.221,188
1,4.23,0.221,188
1,4.23,0.220,188
1,4.23,0.220,188
1,4.23,0.222,188
1,4.24,0.225,188
1,4.24,0.225,188
1,4.24,0.223,188
1,4.24,0.222,188
1,4.24,0.223,188
1,4.25,0.224,188
1,4.25,0.224,188
1,4.25,0.222,188
1,4.25,0.221,188
1,4.26,0.221,188
1,4.26,0.221,188
1,4.26,0.221,188
1,4.26,0.221,188
1,4.26,0.222,188
1,4.27,0.222,188
1,4.27,0.222,188
1,4.27,0.222,188
1,4.27,0.222,188
1,4.28,0.222,188
1,4.28,0.222,188
1,4.28,0.223,188
1,4.28,0.224,188
1,4.28,0.225,188
1,4.29,0.225,188
1,4.29,0.225,188
1,4.29,0.225,188
1,4.29,0.224,188
1,4.29,0.223,188
1,4.30,0.222,188
1,4.30,0.221,188
1,4.30,0.220,188
1,4.30,0.219,188
1,4.31,0.219,188
1,4.31,0.219,188
1,4.31,0.219,188
1,4.31,0.219,188
1,4.31,0.219,188
1,4.32,0.219,188
1,4.32,0.219,188
1,4.32,0.219,188
1,4.32,0.220,188
1,4.33,0.224,188
1,4.33,0.225,188
1,4.33,0.226,188
1,4.33,0.226,188
1,4.33,0.227,188
1,4.34,0.227,188
1,4.34,0.225,188
1,4.34,0.223,188
1,4.34,0.223,188
1,4.34,0.225,188
1,4.35,0.227,188
1,4.35,0.228,188
1,4.35,0.228,188
1,4.35,0.227,188
1,4.36,0.228,188
1,4.36,0.231,188
1,4.36,0.233,188
1,4.36,0.232,188
1,4.36,0.231,188
1,4.37,0.230,188
1,4.37,0.230,188
1,4.37,0.230,188
1,4.37,0.231,188
1,4.38,0.232,188
1,4.38,0.234,188
1,4.38,0.235,188
1,4.41,0.348,188
1,4.49,0.735,188
1,4.49,0.736,188
1,4.50,0.733,188
1,4.53,0.432,188
1,4.53,0.431,188
1,4.53,0.430,188
1,4.54,0.433,188
1,4.57,1.022,188
1,4.57,1.023,188
1,4.57,1.026,188
1,4.57,1.028,188
1,4.58,1.030,188
1,4.58,1.029,188
1,4.58,1.029,188
1,4.58,1.030,188
1,4.58,1.031,188
1,4.59,1.031,188
1,4.59,1.032,188
1,4.59,1.031,188
1,4.59,1.029,188
1,4.60,1.026,188
1,4.60,1.025,188
1,4.60,1.022,188
1,4.60,1.020,188
1,4.60,1.020,188
1,4.61,1.018,188
1,4.61,1.015,188
1,4.61,1.014,188
1,4.61,1.013,188
1,4.61,1.012,188
1,4.62,1.012,188
1,4.62,1.011,188
1,4.62,1.008,188
1,4.63,1.000,188
1,4.69,0.453,188
1,4.72,0.423,188
1,4.72,0.391,188
1,4.74,0.306,188
1,4.74,0.305,188
1,4.75,0.301,188
1,4.77,0.270,188
1,4.79,0.193,188
1,4.79,0.191,188
1,4.81,0.178,188
1,4.81,0.168,188
1,4.81,0.170,188
1,4.82,0.178,188
1,4.82,0.187,188
1,4.82,0.188,188
1,4.83,0.188,188
1,4.83,0.189,188
1,4.83,0.189,188
1,4.83,0.189,188
1,4.84,0.189,188
1,4.84,0.189,188
1,4.84,0.188,188
1,4.84,0.187,188
1,4.84,0.186,188
1,4.85,0.184,188
1,4.85,0.183,188
1,4.85,0.182,188
1,4.85,0.181,188
1,4.86,0.182,188
1,4.86,0.183,188
1,4.86,0.184,188
1,4.86,0.183,188
1,4.86,0.182,188
1,4.87,0.178,188
1,4.87,0.174,188
1,4.87,0.176,188
1,4.88,0.177,188
1,4.88,0.177,188
1,4.88,0.177,188
1,4.88,0.180,188
1,4.90,0.192,188
1,4.90,0.203,188
1,4.90,0.204,188
1,4.90,0.209,188
1,4.91,0.214,188
1,4.91,0.214,188
1,4.91,0.214,188
1,4.91,0.214,188
1,4.92,0.214,188
1,4.92,0.215,188
1,4.92,0.218,188
1,4.92,0.221,188
1,4.93,0.225,188
1,4.93,0.230,188
1,4.93,0.233,188
1,4.94,0.236,188
1,4.94,0.239,188
1,4.95,0.243,188
1,4.95,0.248,188
1,4.95,0.251,188
1,4.95,0.252,188
1,4.97,0.245,188
1,4.97,0.237,188
1,4.97,0.238,188
1,4.97,0.237,188
1,4.99,0.227,188
1,4.99,0.217,188
1,4.99,0.217,188
1,4.99,0.219,188
1,5.00,0.219,188
1,5.00,0.218,188
1,5.00,0.219,188
1,5.00,0.221,188
1,5.00,0.222,188
1,5.01,0.222,188
1,5.01,0.223,188
1,5.01,0.227,188
1,5.02,0.230,188
1,5.02,0.230,188
1,5.02,0.230,188
1,5.02,0.232,188
1,5.02,0.233,188
1,5.03,0.233,188
1,5.03,0.233,188
1,5.03,0.234,188
1,5.03,0.236,188
1,5.04,0.236,188
1,5.04,0.237,188
1,5.04,0.236,188
1,5.04,0.235,188
1,5.04,0.235,188
1,5.05,0.234,188
1,5.05,0.234,188
1,5.05,0.234,188
1,5.05,0.236,188
1,5.06,0.236,188
1,5.06,0.235,188
1,5.06,0.236,188
1,5.06,0.238,188
1,5.06,0.242,188
1,5.07,0.247,188
1,5.07,0.251,188
1,5.07,0.251,188
1,5.07,0.250,188
1,5.08,0.251,188
1,5.08,0.253,188
1,5.08,0.253,188
1,5.08,0.254,188
1,5.08,0.255,188
1,5.09,0.256,188
1,5.09,0.256,188
1,5.09,0.257,188
1,5.09,0.259,188
1,5.09,0.260,188
1,5.10,0.260,188
1,5.10,0.261,188
1,5.10,0.262,188
1,5.10,0.262,188
1,5.11,0.263,188
1,5.11,0.263,188
1,5.11,0.264,188
1,5.11,0.264,188
1,5.11,0.265,188
1,5.12,0.271,188
1,5.12,0.276,188
1,5.12,0.276,188
1,5.13,0.274,188
1,5.13,0.274,188
1,5.13,0.274,188
1,5.13,0.274,188
1,5.13,0.274,188
1,5.14,0.275,188
1,5.14,0.276,188
1,5.14,0.276,188
1,5.14,0.275,188
1,5.14,0.276,188
1,5.15,0.277,188
1,5.15,0.278,188
1,5.15,0.278,188
1,5.15,0.278,188
1,5.16,0.278,188
1,5.16,0.279,188
1,5.16,0.279,188
1,5.16,0.279,188
1,5.16,0.278,188
1,5.17,0.278,188
1,5.17,0.278,188
1,5.17,0.278,188
1,5.17,0.278,188
1,5.18,0.278,188
1,5.18,0.277,188
1,5.18,0.278,188
1,5.18,0.280,188
1,5.18,0.282,188
1,5.19,0.286,188
1,5.19,0.287,188
1,5.19,0.287,188
1,5.19,0.289,188
1,5.20,0.291,188
1,5.20,0.292,188
1,5.20,0.293,188
1,5.20,0.293,188
1,5.20,0.294,188
1,5.21,0.295,188
1,5.21,0.295,188
1,5.21,0.295,188
1,5.21,0.295,188
1,5.22,0.297,188
1,5.22,0.300,188
1,5.22,0.299,188
1,5.22,0.298,188
1,5.23,0.303,188
1,5.23,0.309,188
1,5.23,0.306,188
1,5.23,0.305,188
1,5.23,0.306,188
1,5.24,0.308,188
1,5.24,0.308,188
1,5.24,0.308,188
1,5.24,0.308,188
1,5.25,0.308,188
1,5.25,0.308,188
1,5.25,0.309,188
1,5.25,0.309,188
1,5.26,0.308,188
1,5.26,0.308,188
1,5.26,0.307,188
1,5.26,0.306,188
1,5.26,0.306,188
1,5.27,0.305,188
1,5.27,0.304,188
1,5.27,0.306,188
1,5.27,0.308,188
1,5.28,0.308,188
1,5.28,0.307,188
1,5.28,0.307,188
1,5.28,0.308,188
1,5.28,0.308,188
1,5.29,0.308,188
1,5.29,0.307,188
1,5.29,0.305,188
1,5.29,0.307,188
1,5.30,0.309,188
1,5.30,0.309,188
1,5.30,0.309,188
1,5.30,0.309,188
1,5.31,0.311,188
1,5.31,0.313,188
1,5.31,0.314,188
1,5.31,0.315,188
1,5.31,0.316,188
1,5.32,0.316,188
1,5.32,0.316,188
1,5.32,0.317,188
1,5.32,0.318,188
1,5.33,0.322,188
1,5.33,0.326,188
1,5.33,0.328,188
1,5.33,0.328,188
1,5.34,0.327,188
1,5.34,0.327,188
1,5.34,0.328,188
1,5.34,0.329,188
1,5.34,0.330,188
1,5.35,0.330,188
1,5.35,0.329,188
1,5.35,0.331,188
1,5.35,0.332,188
1,5.36,0.333,188
1,5.36,0.333,188
1,5.36,0.334,188
1,5.36,0.334,188
1,5.36,0.338,188
1,5.37,0.344,188
1,5.37,0.346,188
1,5.37,0.346,188
1,5.37,0.345,188
1,5.38,0.346,188
1,5.38,0.346,188
1,5.38,0.347,188
1,5.38,0.348,188
1,5.38,0.348,188
1,5.39,0.348,188
1,5.39,0.348,188
1,5.39,0.350,188
1,5.39,0.351,188
1,5.40,0.353,188
1,5.40,0.354,188
1,5.40,0.354,188
1,5.40,0.353,188
1,5.40,0.353,188
1,5.41,0.356,188
1,5.42,0.363,188
1,5.42,0.371,188
1,5.42,0.373,188
1,5.43,0.377,188
1,5.44,0.344,188
1,5.51,0.741,188
1,5.51,0.744,188
1,5.51,0.750,188
1,5.56,1.001,188
1,5.56,0.997,188
1,5.57,0.994,188
1,5.57,1.002,188
1,5.57,1.002,188
1,5.57,0.994,188
1,5.57,0.992,188
1,5.67,0.406,188
1,5.67,0.406,188
1,5.68,0.399,188
1,5.68,0.392,188
1,5.68,0.391,188
1,5.68,0.387,188
1,5.69,0.386,188
1,5.69,0.387,188
1,5.69,0.387,188
1,5.69,0.387,188
1,5.70,0.386,188
1,5.70,0.383,188
1,5.70,0.382,188
1,5.70,0.383,188
1,5.71,0.384,188
1,5.71,0.386,188
1,5.71,0.387,188
1,5.71,0.385,188
1,5.72,0.384,188
1,5.72,0.381,188
1,5.72,0.379,188
1,5.73,0.370,188
1,5.73,0.362,188
1,5.73,0.361,188
1,5.78,0.198,188
1,5.78,0.198,188
1,5.78,0.197,188
1,5.78,0.197,188
1,5.82,0.345,188
1,5.82,0.346,188
1,5.83,0.346,188
1,5.83,0.348,188
1,5.83,0.351,188
1,5.84,0.367,188
1,5.85,0.382,188
1,5.85,0.385,188
1,5.86,0.401,188
1,5.91,1.613,188
1,5.92,1.613,188
1,5.92,1.610,188
1,5.92,1.604,188
1,5.92,1.601,188
1,5.94,1.331,188
1,5.95,1.330,188
1,5.95,1.328,188
1,5.95,1.329,188
1,5.95,1.332,188
1,5.96,1.333,188
1,5.96,1.335,188
1,5.96,1.338,188
1,5.96,1.342,188
1,5.96,1.347,188
1,5.98,1.495,188
1,5.98,1.493,188
1,5.98,1.490,188
1,5.98,1.491,188
1,5.99,1.492,188
1,5.99,1.493,188
1,5.99,1.491,188
1,5.99,1.490,188
1,5.99,1.494,188
1,6.00,1.505,188
1,6.00,1.519,188
1,6.01,1.525,188
1,6.01,1.522,188
1,6.01,1.518,188
1,6.01,1.515,188
1,6.01,1.514,188
1,6.02,1.513,188
1,6.02,1.512,188
1,6.02,1.509,188
1,6.02,1.505,188
1,6.03,1.500,188
1,6.03,1.497,188
1,6.03,1.491,188
1,6.06,1.016,188
1,6.07,1.012,188
1,6.07,1.007,188
1,6.07,1.006,188
1,6.07,1.006,188
1,6.08,1.003,188
1,6.08,0.997,188
1,6.08,0.995,188
1,6.08,0.997,188
1,6.08,0.997,188
1,6.09,0.996,188
1,6.09,0.995,188
1,6.09,0.995,188
1,6.09,0.995,188
1,6.10,0.995,188
1,6.10,0.995,188
1,6.10,0.998,188
1,6.10,1.003,188
1,6.10,1.005,188
1,6.11,1.003,188
1,6.11,1.002,188
1,6.11,1.004,188
1,6.11,1.008,188
1,6.12,1.013,188
1,6.12,1.022,188
1,6.12,1.031,188
1,6.14,1.052,188
1,6.14,1.070,188
1,6.15,1.070,188
1,6.15,1.070,188
1,6.15,1.068,188
1,6.15,1.066,188
1,6.16,1.066,188
1,6.16,1.066,188
1,6.16,1.066,188
1,6.16,1.066,188
1,6.17,1.065,188
1,6.17,1.065,188
1,6.17,1.065,188
1,6.17,1.066,188
1,6.17,1.067,188
1,6.18,1.067,188
1,6.18,1.070,188
1,6.18,1.075,188
1,6.22,1.108,188
1,6.23,1.138,188
1,6.23,1.138,188
1,6.23,1.135,188
1,6.23,1.131,188
1,6.23,1.132,188
1,6.24,1.131,188
1,6.24,1.128,188
1,6.24,1.127,188
1,6.24,1.128,188
1,6.25,1.129,188
1,6.25,1.129,188
1,6.25,1.128,188
1,6.25,1.127,188
1,6.25,1.127,188
1,6.26,1.126,188
1,6.26,1.128,188
1,6.26,1.130,188
1,6.26,1.132,188
1,6.27,1.131,188
1,6.27,1.132,188
1,6.27,1.135,188
1,6.27,1.138,188
1,6.27,1.138,188
1,6.28,1.139,188
1,6.28,1.142,188
2,0.03,1.181,188
2,0.03,1.205,188
2,0.03,1.196,188
2,0.03,1.194,188
2,0.04,1.321,188
2,0.05,1.321,188
2,0.05,1.322,188
2,0.05,1.324,188
2,0.05,1.325,188
2,0.06,1.325,188
2,0.06,1.323,188
2,0.06,1.322,188
2,0.06,1.320,188
2,0.06,1.319,188
2,0.07,1.319,188
2,0.07,1.319,188
2,0.07,1.318,188
2,0.07,1.317,188
2,0.07,1.317,188
2,0.08,1.317,188
2,0.08,1.320,188
2,0.08,1.324,188
2,0.08,1.327,188
2,0.08,1.328,188
2,0.09,1.332,188
2,0.11,2.215,188
2,0.11,2.216,188
2,0.11,2.218,188
2,0.12,2.218,188
2,0.12,2.215,188
2,0.12,2.213,188
2,0.12,2.214,188
2,0.12,2.215,188
2,0.13,2.213,188
2,0.13,2.213,188
2,0.13,2.212,188
2,0.13,2.210,188
2,0.13,2.209,188
2,0.14,2.208,188
2,0.14,2.208,188
2,0.14,2.207,188
2,0.14,2.205,188
2,0.14,2.204,188
2,0.15,2.203,188
2,0.15,2.202,188
2,0.15,2.202,188
2,0.15,2.204,188
2,0.16,2.209,188
2,0.16,2.212,188
2,0.16,2.215,188
2,0.17,2.680,188
2,0.18,2.680,188
2,0.18,2.680,188
2,0.18,2.680,188
2,0.18,2.682,188
2,0.18,2.686,188
2,0.19,2.691,188
2,0.19,2.694,188
2,0.19,2.694,188
2,0.19,2.695,188
2,0.19,2.694,188
2,0.20,2.695,188
2,0.20,2.695,188
2,0.20,2.695,188
2,0.20,2.695,188
2,0.21,2.695,188
2,0.21,2.695,188
2,0.21,2.695,188
2,0.21,2.696,188
2,0.21,2.697,188
2,0.22,2.700,188
2,0.22,2.701,188
2,0.22,2.702,188
2,0.22,2.702,188
2,0.22,2.702,188
2,0.23,2.702,188
2,0.23,2.703,188
2,0.23,2.708,188
2,0.23,2.712,188
2,0.23,2.714,188
2,0.24,2.716,188
2,0.24,2.718,188
2,0.24,2.721,188
2,0.24,2.723,188
2,0.24,2.724,188
2,0.25,2.725,188
2,0.25,2.727,188
2,0.25,2.733,188
2,0.25,2.737,188
2,0.25,2.742,188
2,0.26,2.745,188
2,0.26,2.749,188
2,0.26,2.756,188
2,0.26,2.762,188
2,0.27,2.765,188
2,0.27,2.772,188
2,0.27,2.781,188
2,0.27,2.791,188
2,0.27,2.799,188
2,0.28,2.809,188
2,0.28,2.822,188
2,0.28,2.837,188
2,0.28,2.858,188
2,0.30,3.121,188
2,0.30,3.102,188
2,0.30,3.066,188
2,0.30,3.023,188
2,0.30,2.946,188
2,0.31,2.920,188
2,0.31,2.850,188
2,0.31,2.833,188
2,0.31,2.810,188
2,0.31,2.798,188
2,0.32,2.787,188
2,0.32,2.777,188
2,0.32,2.768,188
2,0.33,2.901,188
2,0.33,2.897,188
2,0.33,2.886,188
2,0.34,2.878,188
2,0.34,2.880,188
2,0.34,2.887,188
2,0.34,2.891,188
2,0.34,2.889,188
2,0.35,2.885,188
2,0.35,2.888,188
2,0.35,2.919,188
2,0.36,4.126,188
2,0.36,4.126,188
2,0.36,4.126,188
2,0.37,4.126,188
2,0.37,4.126,188
2,0.37,4.127,188
2,0.37,4.129,188
2,0.38,4.133,188
2,0.38,4.136,188
2,0.38,4.138,188
2,0.38,4.139,188
2,0.38,4.139,188
2,0.39,4.139,188
2,0.39,4.139,188
2,0.39,4.140,188
2,0.39,4.140,188
2,0.39,4.141,188
2,0.40,4.143,188
2,0.40,4.146,188
2,0.40,4.148,188
2,0.40,4.149,188
2,0.40,4.148,188
2,0.41,4.148,188
2,0.41,4.149,188
2,0.41,4.151,188
2,0.41,4.152,188
2,0.41,4.151,188
2,0.42,4.153,188
2,0.42,4.158,188
2,0.42,4.161,188
2,0.42,4.161,188
2,0.43,4.161,188
2,0.43,4.161,188
2,0.43,4.163,188
2,0.43,4.165,188
2,0.43,4.167,188
2,0.44,4.169,188
2,0.44,4.170,188
2,0.44,4.170,188
2,0.44,4.170,188
2,0.44,4.170,188
2,0.45,4.170,188
2,0.45,4.172,188
2,0.45,4.175,188
2,0.45,4.178,188
2,0.45,4.180,188
2,0.46,4.179,188
2,0.46,3.503,188
2,0.47,3.496,188
2,0.47,3.479,188
2,0.48,3.316,188
2,0.48,3.314,188
2,0.48,3.307,188
2,0.49,3.298,188
2,0.49,3.290,188
2,0.49,3.280,188
2,0.49,3.270,188
2,0.49,3.263,188
2,0.50,3.256,188
2,0.50,3.250,188
2,0.50,3.247,188
2,0.50,3.248,188
2,0.50,3.251,188
2,0.51,3.252,188
2,0.51,3.254,188
2,0.51,3.255,188
2,0.51,3.253,188
2,0.51,3.246,188
2,0.52,3.235,188
2,0.52,3.224,188
2,0.52,3.213,188
2,0.52,3.198,188
2,0.52,3.181,188
2,0.53,3.160,188
2,0.53,3.135,188
2,0.53,3.112,188
2,0.53,3.089,188
2,0.54,3.064,188
2,0.54,3.045,188
2,0.54,3.030,188
2,0.54,3.015,188
2,0.54,2.999,188
2,0.55,2.982,188
2,0.55,2.969,188
2,0.55,2.958,188
2,0.55,2.944,188
2,0.55,2.929,188
2,0.56,2.913,188
2,0.56,2.898,188
2,0.56,2.884,188
2,0.56,2.873,188
2,0.56,2.862,188
2,0.57,2.843,188
2,0.57,2.821,188
2,0.57,2.803,188
2,0.57,2.787,188
2,0.57,2.769,188
2,0.58,2.753,188
2,0.58,2.734,188
2,0.58,2.709,188
2,0.58,2.686,188
2,0.59,2.665,188
2,0.59,2.649,188
2,0.59,2.641,188
2,0.59,2.636,188
2,0.59,2.633,188
2,0.60,2.630,188
2,0.60,2.629,188
2,0.60,2.632,188
2,0.60,2.635,188
2,0.60,2.640,188
2,0.61,2.642,188
2,0.61,2.642,188
2,0.61,2.644,188
2,0.61,2.648,188
2,0.61,2.650,188
2,0.62,2.652,188
2,0.62,2.654,188
2,0.62,2.656,188
2,0.62,2.660,188
2,0.62,2.661,188
2,0.63,2.663,188
2,0.63,2.667,188
2,0.63,2.671,188
2,0.63,2.674,188
2,0.64,2.674,188
2,0.64,2.674,188
2,0.64,2.674,188
2,0.64,2.677,188
2,0.64,2.683,188
2,0.65,2.687,188
2,0.65,2.689,188
2,0.65,2.691,188
2,0.65,2.694,188
2,0.65,2.695,188
2,0.66,2.696,188
2,0.66,2.696,188
2,0.66,2.699,188
2,0.66,2.705,188
2,0.66,2.709,188
2,0.67,2.711,188
2,0.67,2.714,188
2,0.67,2.717,188
2,0.67,2.717,188
2,0.67,2.717,188
2,0.68,2.720,188
2,0.68,2.727,188
2,0.68,2.731,188
2,0.68,2.732,188
2,0.68,2.735,188
2,0.69,2.740,188
2,0.69,2.742,188
2,0.69,2.743,188
2,0.69,2.746,188
2,0.69,2.750,188
2,0.70,2.753,188
2,0.70,2.756,188
2,0.70,2.761,188
2,0.70,2.764,188
2,0.70,2.764,188
2,0.71,2.766,188
2,0.71,2.771,188
2,0.71,2.776,188
2,0.71,2.778,188
2,0.71,2.779,188
2,0.72,2.782,188
2,0.72,2.786,188
2,0.72,2.787,188
2,0.72,2.790,188
2,0.72,2.795,188
2,0.73,2.798,188
2,0.73,2.801,188
2,0.73,2.818,188
2,0.74,2.849,188
2,0.74,2.870,188
2,0.74,2.880,188
2,0.74,2.896,188
2,0.74,2.934,188
2,0.75,4.060,188
2,0.75,4.060,188
2,0.76,4.057,188
2,0.76,4.051,188
2,0.76,4.041,188
2,0.76,4.031,188
2,0.76,4.024,188
2,0.77,4.018,188
2,0.77,4.008,188
2,0.77,3.995,188
2,0.77,3.987,188
2,0.77,3.986,188
2,0.78,3.990,188
2,0.78,3.998,188
2,0.78,4.009,188
2,0.78,4.020,188
2,0.78,4.032,188
2,0.79,4.042,188
2,0.79,4.047,188
2,0.79,4.053,188
2,0.79,4.057,188
2,0.79,4.060,188
2,0.80,4.060,188
2,0.80,4.054,188
2,0.80,4.032,188
2,0.80,3.961,188
2,0.81,3.870,188
2,0.81,3.852,188
2,0.81,3.844,188
2,0.81,3.861,188
2,0.81,3.872,188
2,0.82,3.865,188
2,0.82,3.841,188
2,0.82,3.815,188
2,0.82,3.780,188
2,0.83,3.744,188
2,0.83,3.721,188
2,0.83,3.704,188
2,0.83,3.683,188
2,0.83,3.661,188
2,0.84,3.643,188
2,0.84,3.620,188
2,0.84,3.597,188
2,0.84,3.575,188
2,0.84,3.550,188
2,0.85,3.533,188
2,0.85,3.525,188
2,0.85,3.520,188
2,0.85,3.516,188
2,0.85,3.511,188
2,0.86,3.506,188
2,0.86,3.500,188
2,0.86,3.493,188
2,0.86,3.487,188
2,0.86,3.483,188
2,0.87,3.479,188
2,0.87,3.478,188
2,0.88,3.699,188
2,0.88,3.720,188
2,0.89,4.342,188
2,0.89,4.340,188
2,0.89,4.338,188
2,0.90,4.336,188
2,0.90,4.333,188
2,0.90,4.331,188
2,0.90,4.329,188
2,0.91,2.835,188
2,0.92,2.810,188
2,0.92,2.764,188
2,0.92,2.743,188
2,0.92,2.745,188
2,0.92,2.748,188
2,0.93,2.746,188
2,0.93,2.745,188
2,0.93,2.748,188
2,0.93,2.760,188
2,0.93,2.786,188
2,0.94,2.816,188
2,0.94,2.848,188
2,0.94,2.888,188
2,0.95,2.597,188
2,0.95,2.602,188
2,0.95,2.604,188
2,0.95,2.603,188
2,0.96,2.605,188
2,0.96,2.610,188
2,0.96,2.716,188
2,0.97,2.712,188
2,0.97,2.706,188
2,0.97,2.697,188
2,0.97,2.687,188
2,0.98,0.905,188
2,1.00,0.906,188
2,1.00,0.910,188
2,1.01,0.912,188
2,1.01,0.908,188
2,1.01,0.906,188
2,1.01,0.905,188
2,1.01,0.903,188
2,1.02,0.903,188
2,1.02,0.902,188
2,1.02,0.899,188
2,1.02,0.897,188
2,1.02,0.898,188
2,1.03,0.900,188
2,1.03,0.901,188
2,1.03,0.901,188
2,1.03,0.902,188
2,1.04,0.903,188
2,1.04,0.904,188
2,1.04,0.904,188
2,1.04,0.905,188
2,1.04,0.905,188
2,1.05,0.905,188
2,1.05,0.905,188
2,1.05,0.905,188
2,1.05,0.905,188
2,1.05,0.905,188
2,1.06,0.905,188
2,1.06,0.905,188
2,1.06,0.905,188
2,1.06,0.904,188
2,1.08,0.828,188
2,1.08,0.826,188
2,1.08,0.824,188
2,1.08,0.824,188
2,1.09,0.823,188
2,1.09,0.822,188
2,1.09,0.821,188
2,1.09,0.821,188
2,1.09,0.821,188
2,1.10,0.822,188
2,1.10,0.822,188
2,1.10,0.822,188
2,1.10,0.822,188
2,1.10,0.822,188
2,1.11,0.822,188
2,1.11,0.822,188
2,1.11,0.822,188
2,1.11,0.822,188
2,1.12,0.822,188
2,1.12,0.822,188
2,1.12,0.822,188
2,1.12,0.822,188
2,1.12,0.822,188
2,1.13,0.822,188
2,1.13,0.822,188
2,1.13,0.822,188
2,1.13,0.822,188
2,1.13,0.821,188
2,1.14,0.821,188
2,1.14,0.821,188
2,1.14,0.821,188
2,1.14,0.821,188
2,1.14,0.820,188
2,1.15,0.820,188
2,1.15,0.820,188
2,1.15,0.820,188
2,1.15,0.820,188
2,1.15,0.820,188
2,1.16,0.820,188
2,1.16,0.820,188
2,1.16,0.820,188
2,1.16,0.820,188
2,1.16,0.820,188
2,1.17,0.820,188
2,1.17,0.820,188
2,1.17,0.820,188
2,1.17,0.820,188
2,1.17,0.820,188
2,1.18,0.820,188
2,1.18,0.820,188
2,1.18,0.820,188
2,1.18,0.820,188
2,1.18,0.820,188
2,1.19,0.820,188
2,1.19,0.820,188
2,1.19,0.820,188
2,1.19,0.820,188
2,1.19,0.820,188
2,1.20,0.820,188
2,1.20,0.820,188
2,1.20,0.820,188
2,1.20,0.819,188
2,1.20,0.818,188
2,1.21,0.818,188
2,1.21,0.818,188
2,1.21,0.817,188
2,1.21,0.816,188
2,1.21,0.815,188
2,1.22,0.814,188
2,1.22,0.814,188
2,1.22,0.813,188
2,1.22,0.813,188
2,1.22,0.813,188
2,1.23,0.813,188
2,1.23,0.813,188
2,1.23,0.810,188
2,1.23,0.804,188
2,1.24,0.800,188
2,1.24,0.800,188
2,1.24,0.801,188
2,1.24,0.802,188
2,1.24,0.800,188
2,1.25,0.799,188
2,1.25,0.799,188
2,1.25,0.798,188
2,1.25,0.796,188
2,1.25,0.793,188
2,1.26,0.789,188
2,1.26,0.786,188
2,1.26,0.782,188
2,1.28,0.751,188
2,1.28,0.721,188
2,1.28,0.719,188
2,1.28,0.717,188
2,1.29,0.714,188
2,1.29,0.714,188
2,1.29,0.715,188
2,1.29,0.715,188
2,1.29,0.712,188
2,1.30,0.711,188
2,1.30,0.710,188
2,1.30,0.710,188
2,1.30,0.709,188
2,1.30,0.708,188
2,1.31,0.707,188
2,1.31,0.707,188
2,1.31,0.706,188
2,1.31,0.703,188
2,1.31,0.696,188
2,1.32,0.690,188
2,1.32,0.684,188
2,1.33,0.678,188
2,1.33,0.673,188
2,1.33,0.670,188
2,1.33,0.668,188
2,1.33,0.667,188
2,1.34,0.665,188
2,1.34,0.663,188
2,1.34,0.661,188
2,1.36,0.628,188
2,1.36,0.597,188
2,1.36,0.595,188
2,1.37,0.590,188
2,1.37,0.588,188
2,1.37,0.588,188
2,1.37,0.588,188
2,1.37,0.587,188
2,1.38,0.587,188
2,1.38,0.586,188
2,1.38,0.586,188
2,1.38,0.586,188
2,1.38,0.586,188
2,1.39,0.586,188
2,1.39,0.586,188
2,1.39,0.586,188
2,1.39,0.586,188
2,1.39,0.586,188
2,1.40,0.586,188
2,1.40,0.585,188
2,1.40,0.585,188
2,1.40,0.585,188
2,1.41,0.585,188
2,1.41,0.586,188
2,1.41,0.590,188
2,1.41,0.593,188
2,1.41,0.594,188
2,1.42,0.594,188
2,1.42,0.595,188
2,1.42,0.599,188
2,1.42,0.604,188
2,1.42,0.607,188
2,1.43,0.608,188
2,1.43,0.612,188
2,1.43,0.616,188
2,1.43,0.618,188
2,1.44,0.622,188
2,1.44,0.630,188
2,1.44,0.635,188
2,1.44,0.636,188
2,1.44,0.636,188
2,1.45,0.637,188
2,1.45,0.637,188
2,1.45,0.638,188
2,1.45,0.638,188
2,1.45,0.638,188
2,1.46,0.638,188
2,1.46,0.638,188
2,1.46,0.638,188
2,1.46,0.638,188
2,1.46,0.638,188
2,1.47,0.639,188
2,1.47,0.641,188
2,1.47,0.642,188
2,1.47,0.643,188
2,1.48,0.643,188
2,1.48,0.645,188
2,1.48,0.648,188
2,1.48,0.652,188
2,1.48,0.655,188
2,1.49,0.655,188
2,1.49,0.655,188
2,1.49,0.655,188
2,1.49,0.656,188
2,1.49,0.657,188
2,1.50,0.657,188
2,1.50,0.658,188
2,1.50,0.659,188
2,1.50,0.662,188
2,1.50,0.664,188
2,1.51,0.665,188
2,1.51,0.666,188
2,1.51,0.667,188
2,1.51,0.668,188
2,1.51,0.669,188
2,1.52,0.669,188
2,1.52,0.669,188
2,1.52,0.671,188
2,1.52,0.672,188
2,1.52,0.674,188
2,1.53,0.676,188
2,1.53,0.677,188
2,1.53,0.677,188
2,1.53,0.679,188
2,1.53,0.684,188
2,1.54,0.689,188
2,1.54,0.697,188
2,1.54,0.702,188
2,1.55,0.704,188
2,1.55,0.704,188
2,1.55,0.706,188
2,1.55,0.710,188
2,1.55,0.713,188
2,1.55,0.713,188
2,1.56,0.712,188
2,1.56,0.711,188
2,1.56,0.711,188
2,1.56,0.712,188
2,1.56,0.712,188
2,1.57,0.713,188
2,1.57,0.714,188
2,1.57,0.718,188
2,1.57,0.724,188
2,1.58,0.727,188
2,1.58,0.732,188
2,1.58,0.742,188
2,1.59,0.748,188
2,1.59,0.750,188
2,1.59,0.752,188
2,1.59,0.752,188
2,1.60,0.753,188
2,1.60,0.753,188
2,1.60,0.754,188
2,1.60,0.754,188
2,1.60,0.756,188
2,1.61,0.758,188
2,1.61,0.759,188
2,1.61,0.759,188
2,1.61,0.761,188
2,1.61,0.765,188
2,1.62,0.770,188
2,1.62,0.771,188
2,1.62,0.770,188
2,1.62,0.770,188
2,1.62,0.769,188
2,1.63,0.770,188
2,1.63,0.771,188
2,1.63,0.772,188
2,1.63,0.775,188
2,1.63,0.775,188
2,1.64,0.773,188
2,1.64,0.773,188
2,1.64,0.775,188
2,1.64,0.776,188
2,1.64,0.776,188
2,1.65,0.776,188
2,1.65,0.776,188
2,1.65,0.777,188
2,1.65,0.778,188
2,1.65,0.780,188
2,1.66,0.785,188
2,1.69,2.457,188
2,1.69,2.455,188
2,1.69,2.451,188
2,1.69,2.444,188
2,1.69,2.436,188
2,1.70,2.427,188
2,1.70,2.419,188
2,1.70,2.409,188
2,1.70,2.399,188
2,1.70,2.391,188
2,1.71,2.385,188
2,1.71,2.382,188
2,1.71,2.384,188
2,1.71,2.384,188
2,1.72,2.380,188
2,1.72,2.375,188
2,1.72,2.373,188
2,1.72,2.373,188
2,1.72,2.372,188
2,1.76,0.953,188
2,1.76,0.954,188
2,1.76,0.953,188
2,1.77,0.948,188
2,1.77,0.947,188
2,1.77,0.948,188
2,1.77,0.948,188
2,1.77,0.947,188
2,1.78,0.946,188
2,1.78,0.946,188
2,1.78,0.948,188
2,1.78,0.951,188
2,1.78,0.950,188
2,1.79,0.948,188
2,1.79,0.945,188
2,1.79,0.941,188
2,1.79,0.941,188
2,1.79,0.942,188
2,1.80,0.941,188
2,1.80,0.937,188
2,1.80,0.931,188
2,1.83,0.740,188
2,1.83,0.737,188
2,1.83,0.732,188
2,1.88,0.493,188
2,1.88,0.492,188
2,1.89,0.492,188
2,1.89,0.493,188
2,1.89,0.493,188
2,1.93,0.770,188
2,1.93,0.768,188
2,1.94,0.765,188
2,1.94,0.762,188
2,1.94,0.761,188
2,1.94,0.759,188
2,1.96,0.684,188
2,1.96,0.686,188
2,1.97,0.689,188
2,1.97,0.691,188
2,1.97,0.692,188
2,1.97,0.695,188
2,1.99,0.810,188
2,1.99,0.812,188
2,1.99,0.818,188
2,2.00,0.820,188
2,2.00,0.818,188
2,2.00,0.818,188
2,2.00,0.819,188
2,2.00,0.820,188
2,2.01,0.822,188
2,2.01,0.820,188
2,2.03,0.743,188
2,2.03,0.742,188
2,2.03,0.740,188
2,2.03,0.739,188
2,2.03,0.739,188
2,2.04,0.739,188
2,2.04,0.740,188
2,2.04,0.740,188
2,2.04,0.740,188
2,2.04,0.738,188
2,2.05,0.737,188
2,2.05,0.733,188
2,2.05,0.728,188
2,2.05,0.725,188
2,2.06,0.723,188
2,2.06,0.720,188
2,2.06,0.719,188
2,2.06,0.719,188
2,2.07,0.719,188
2,2.07,0.717,188
2,2.07,0.714,188
2,2.07,0.710,188
2,2.07,0.707,188
2,2.08,0.703,188
2,2.08,0.700,188
2,2.08,0.699,188
2,2.08,0.697,188
2,2.08,0.695,188
2,2.09,0.693,188
2,2.09,0.690,188
2,2.09,0.689,188
2,2.09,0.690,188
2,2.09,0.690,188
2,2.10,0.688,188
2,2.10,0.687,188
2,2.10,0.687,188
2,2.10,0.688,188
2,2.10,0.689,188
2,2.12,0.721,188
2,2.12,0.757,188
2,2.12,0.761,188
2,2.12,0.762,188
2,2.13,0.763,188
2,2.13,0.762,188
2,2.13,0.763,188
2,2.13,0.765,188
2,2.13,0.765,188
2,2.14,0.766,188
2,2.14,0.767,188
2,2.14,0.768,188
2,2.14,0.768,188
2,2.14,0.769,188
2,2.15,0.769,188
2,2.15,0.770,188
2,2.15,0.772,188
2,2.15,0.774,188
2,2.15,0.775,188
2,2.16,0.781,188
2,2.16,0.790,188
2,2.17,0.795,188
2,2.17,0.799,188
2,2.17,0.808,188
2,2.17,0.815,188
2,2.17,0.818,188
2,2.18,0.817,188
2,2.18,0.815,188
2,2.18,0.814,188
2,2.18,0.815,188
2,2.18,0.815,188
2,2.19,0.816,188
2,2.19,0.818,188
2,2.19,0.824,188
2,2.20,0.831,188
2,2.20,0.840,188
2,2.20,0.848,188
2,2.20,0.849,188
2,2.21,0.846,188
2,2.21,0.842,188
2,2.24,0.504,188
2,2.24,0.501,188
2,2.24,0.497,188
2,2.24,0.494,188
2,2.25,0.491,188
2,2.25,0.488,188
2,2.25,0.487,188
2,2.25,0.486,188
2,2.25,0.484,188
2,2.26,0.481,188
2,2.26,0.480,188
2,2.26,0.480,188
2,2.26,0.479,188
2,2.26,0.476,188
2,2.27,0.473,188
2,2.27,0.471,188
2,2.27,0.470,188
2,2.27,0.470,188
2,2.27,0.470,188
2,2.28,0.469,188
2,2.28,0.468,188
2,2.28,0.466,188
2,2.28,0.464,188
2,2.29,0.463,188
2,2.29,0.462,188
2,2.29,0.461,188
2,2.29,0.459,188
2,2.29,0.458,188
2,2.30,0.457,188
2,2.30,0.456,188
2,2.30,0.453,188
2,2.30,0.450,188
2,2.31,0.450,188
2,2.31,0.449,188
2,2.31,0.447,188
2,2.31,0.444,188
2,2.31,0.442,188
2,2.31,0.442,188
2,2.32,0.442,188
2,2.32,0.442,188
2,2.32,0.440,188
2,2.32,0.438,188
2,2.33,0.437,188
2,2.33,0.435,188
2,2.33,0.434,188
2,2.33,0.434,188
2,2.33,0.433,188
2,2.34,0.432,188
2,2.34,0.430,188
2,2.34,0.429,188
2,2.34,0.429,188
2,2.34,0.428,188
2,2.34,0.428,188
2,2.35,0.427,188
2,2.35,0.427,188
2,2.35,0.427,188
2,2.35,0.426,188
2,2.36,0.425,188
2,2.36,0.422,188
2,2.36,0.421,188
2,2.36,0.420,188
2,2.36,0.419,188
2,2.37,0.417,188
2,2.37,0.415,188
2,2.37,0.413,188
2,2.37,0.411,188
2,2.37,0.411,188
2,2.37,0.411,188
2,2.38,0.411,188
2,2.38,0.410,188
2,2.38,0.408,188
2,2.38,0.407,188
2,2.39,0.406,188
2,2.39,0.406,188
2,2.39,0.407,188
2,2.39,0.407,188
2,2.39,0.406,188
2,2.40,0.405,188
2,2.40,0.404,188
2,2.40,0.404,188
2,2.40,0.403,188
2,2.40,0.401,188
2,2.41,0.400,188
2,2.41,0.397,188
2,2.41,0.394,188
2,2.41,0.394,188
2,2.41,0.394,188
2,2.42,0.393,188
2,2.42,0.393,188
2,2.42,0.392,188
2,2.42,0.389,188
2,2.42,0.388,188
2,2.43,0.388,188
2,2.43,0.387,188
2,2.43,0.384,188
2,2.43,0.381,188
2,2.44,0.380,188
2,2.44,0.380,188
2,2.44,0.379,188
2,2.44,0.378,188
2,2.44,0.377,188
2,2.45,0.376,188
2,2.45,0.376,188
2,2.45,0.377,188
2,2.45,0.376,188
2,2.45,0.374,188
2,2.46,0.374,188
2,2.46,0.373,188
2,2.46,0.372,188
2,2.46,0.372,188
2,2.46,0.371,188
2,2.47,0.370,188
2,2.47,0.370,188
2,2.47,0.369,188
2,2.47,0.367,188
2,2.48,0.365,188
2,2.48,0.364,188
2,2.48,0.363,188
2,2.48,0.361,188
2,2.48,0.360,188
2,2.49,0.359,188
2,2.49,0.357,188
2,2.49,0.356,188
2,2.49,0.356,188
2,2.49,0.356,188
2,2.50,0.355,188
2,2.50,0.355,188
2,2.50,0.354,188
2,2.50,0.354,188
2,2.50,0.353,188
2,2.51,0.353,188
2,2.51,0.352,188
2,2.51,0.351,188
2,2.51,0.351,188
2,2.51,0.351,188
2,2.52,0.350,188
2,2.52,0.350,188
2,2.52,0.349,188
2,2.52,0.348,188
2,2.52,0.346,188
2,2.53,0.345,188
2,2.53,0.345,188
2,2.53,0.344,188
2,2.53,0.343,188
2,2.53,0.341,188
2,2.54,0.340,188
2,2.54,0.338,188
2,2.54,0.337,188
2,2.54,0.337,188
2,2.54,0.335,188
2,2.55,0.334,188
2,2.55,0.334,188
2,2.55,0.334,188
2,2.55,0.333,188
2,2.55,0.332,188
2,2.56,0.330,188
2,2.56,0.328,188
2,2.60,0.172,188
2,2.60,0.171,188
2,2.60,0.168,188
2,2.60,0.167,188
2,2.61,0.172,188
2,2.63,0.204,188
2,2.64,0.231,188
2,2.66,0.246,188
2,2.67,0.272,188
2,2.68,0.282,188
2,2.68,0.284,188
2,2.68,0.283,188
2,2.68,0.285,188
2,2.69,0.289,188
2,2.69,0.290,188
2,2.69,0.290,188
2,2.69,0.290,188
2,2.69,0.291,188
2,2.70,0.292,188
2,2.70,0.292,188
2,2.70,0.292,188
2,2.70,0.291,188
2,2.70,0.289,188
2,2.71,0.290,188
2,2.71,0.290,188
2,2.71,0.288,188
2,2.71,0.287,188
2,2.71,0.287,188
2,2.72,0.287,188
2,2.72,0.287,188
2,2.72,0.286,188
2,2.72,0.286,188
2,2.72,0.288,188
2,2.73,0.289,188
2,2.73,0.289,188
2,2.73,0.288,188
2,2.73,0.288,188
2,2.73,0.288,188
2,2.74,0.289,188
2,2.74,0.289,188
2,2.74,0.289,188
2,2.74,0.288,188
2,2.74,0.288,188
2,2.75,0.288,188
2,2.75,0.287,188
2,2.75,0.286,188
2,2.75,0.286,188
2,2.75,0.286,188
2,2.76,0.285,188
2,2.76,0.286,188
2,2.76,0.286,188
2,2.76,0.286,188
2,2.76,0.284,188
2,2.77,0.284,188
2,2.77,0.285,188
2,2.77,0.285,188
2,2.77,0.284,188
2,2.77,0.284,188
2,2.78,0.283,188
2,2.78,0.282,188
2,2.78,0.282,188
2,2.78,0.283,188
2,2.78,0.284,188
2,2.79,0.284,188
2,2.79,0.283,188
2,2.79,0.283,188
2,2.79,0.283,188
2,2.79,0.283,188
2,2.80,0.281,188
2,2.80,0.279,188
2,2.80,0.277,188
2,2.83,0.264,188
2,2.83,0.253,188
2,2.83,0.254,188
2,2.84,0.253,188
2,2.91,0.271,188
2,2.91,0.288,188
2,2.92,0.287,188
2,2.92,0.286,188
2,2.92,0.284,188
2,2.92,0.284,188
2,2.92,0.286,188
2,2.93,0.286,188
2,2.93,0.285,188
2,2.93,0.285,188
2,2.93,0.286,188
2,2.93,0.286,188
2,2.94,0.287,188
2,2.94,0.288,188
2,2.94,0.288,188
2,2.94,0.287,188
2,2.94,0.286,188
2,2.95,0.285,188
2,2.95,0.285,188
2,2.95,0.285,188
2,2.95,0.285,188
2,2.95,0.285,188
2,2.96,0.283,188
2,2.96,0.281,188
2,2.96,0.278,188
2,2.96,0.277,188
2,2.96,0.278,188
2,2.97,0.276,188
2,2.97,0.271,188
2,2.97,0.266,188
2,2.98,0.264,188
2,2.98,0.261,188
2,2.98,0.258,188
2,2.99,0.252,188
2,2.99,0.247,188
2,2.99,0.245,188
2,2.99,0.245,188
2,2.99,0.246,188
2,3.00,0.246,188
2,3.00,0.248,188
2,3.00,0.248,188
2,3.00,0.248,188
2,3.01,0.247,188
2,3.01,0.244,188
2,3.01,0.240,188
2,3.03,0.219,188
2,3.03,0.200,188
2,3.03,0.199,188
2,3.04,0.196,188
2,3.04,0.192,188
2,3.04,0.189,188
2,3.04,0.187,188
2,3.05,0.185,188
2,3.05,0.182,188
2,3.05,0.181,188
2,3.05,0.179,188
2,3.05,0.177,188
2,3.06,0.176,188
2,3.06,0.177,188
2,3.06,0.177,188
2,3.06,0.177,188
2,3.06,0.177,188
2,3.07,0.178,188
2,3.07,0.178,188
2,3.07,0.181,188
2,3.07,0.183,188
2,3.07,0.182,188
2,3.08,0.182,188
2,3.08,0.184,188
2,3.08,0.185,188
2,3.08,0.186,188
2,3.08,0.187,188
2,3.09,0.187,188
2,3.09,0.188,188
2,3.09,0.188,188
2,3.09,0.189,188
2,3.09,0.189,188
2,3.10,0.189,188
2,3.10,0.189,188
2,3.10,0.189,188
2,3.10,0.189,188
2,3.10,0.190,188
2,3.11,0.190,188
2,3.11,0.190,188
2,3.11,0.190,188
2,3.11,0.190,188
2,3.11,0.190,188
2,3.12,0.190,188
2,3.12,0.190,188
2,3.12,0.190,188
2,3.12,0.190,188
2,3.12,0.190,188
2,3.13,0.191,188
2,3.13,0.192,188
2,3.13,0.196,188
2,3.13,0.201,188
2,3.13,0.203,188
2,3.14,0.202,188
2,3.14,0.202,188
2,3.14,0.202,188
2,3.14,0.202,188
2,3.14,0.203,188
2,3.15,0.203,188
2,3.15,0.203,188
2,3.15,0.203,188
2,3.15,0.203,188
2,3.15,0.204,188
2,3.16,0.205,188
2,3.16,0.206,188
2,3.16,0.208,188
2,3.16,0.209,188
2,3.16,0.209,188
2,3.17,0.210,188
2,3.17,0.211,188
2,3.17,0.211,188
2,3.17,0.211,188
2,3.17,0.212,188
2,3.18,0.212,188
2,3.18,0.212,188
2,3.18,0.212,188
2,3.18,0.212,188
2,3.18,0.212,188
2,3.19,0.212,188
2,3.19,0.212,188
2,3.19,0.217,188
2,3.19,0.222,188
2,3.20,0.221,188
2,3.20,0.220,188
2,3.20,0.220,188
2,3.20,0.221,188
2,3.20,0.223,188
2,3.21,0.224,188
2,3.21,0.225,188
2,3.21,0.226,188
2,3.21,0.228,188
2,3.21,0.230,188
2,3.22,0.231,188
2,3.22,0.234,188
2,3.22,0.236,188
2,3.22,0.236,188
2,3.22,0.235,188
2,3.23,0.234,188
2,3.24,0.222,188
2,3.25,0.203,188
2,3.25,0.195,188
2,3.25,0.193,188
2,3.25,0.190,188
2,3.25,0.188,188
2,3.26,0.186,188
2,3.26,0.186,188
2,3.26,0.187,188
2,3.26,0.188,188
2,3.29,0.262,188
2,3.29,0.262,188
2,3.29,0.263,188
2,3.30,0.267,188
2,3.30,0.268,188
2,3.30,0.267,188
2,3.30,0.266,188
2,3.30,0.268,188
2,3.31,0.274,188
2,3.31,0.280,188
2,3.34,0.411,188
2,3.34,0.408,188
2,3.34,0.403,188
2,3.34,0.400,188
2,3.34,0.399,188
2,3.35,0.393,188
2,3.35,0.386,188
2,3.35,0.386,188
2,3.36,0.387,188
2,3.36,0.389,188
2,3.36,0.393,188
2,3.36,0.397,188
2,3.37,0.400,188
2,3.37,0.401,188
2,3.37,0.402,188
2,3.37,0.402,188
2,3.37,0.402,188
2,3.38,0.402,188
2,3.38,0.402,188
2,3.38,0.402,188
2,3.38,0.401,188
2,3.39,0.400,188
2,3.39,0.399,188
2,3.39,0.398,188
2,3.39,0.396,188
2,3.39,0.394,188
2,3.40,0.393,188
2,3.40,0.393,188
2,3.40,0.392,188
2,3.40,0.392,188
2,3.40,0.392,188
2,3.41,0.391,188
2,3.41,0.390,188
2,3.41,0.390,188
2,3.41,0.389,188
2,3.41,0.387,188
2,3.42,0.386,188
2,3.42,0.386,188
2,3.42,0.385,188
2,3.42,0.384,188
2,3.42,0.384,188
2,3.43,0.383,188
2,3.43,0.383,188
2,3.43,0.383,188
2,3.43,0.383,188
2,3.43,0.383,188
2,3.44,0.382,188
2,3.44,0.382,188
2,3.44,0.382,188
2,3.44,0.382,188
2,3.44,0.382,188
2,3.45,0.382,188
2,3.45,0.382,188
2,3.45,0.382,188
2,3.45,0.381,188
2,3.45,0.381,188
2,3.46,0.381,188
2,3.46,0.381,188
2,3.46,0.379,188
2,3.46,0.377,188
2,3.46,0.377,188
2,3.47,0.375,188
2,3.47,0.372,188
2,3.47,0.371,188
2,3.47,0.370,188
2,3.47,0.370,188
2,3.48,0.369,188
2,3.48,0.368,188
2,3.48,0.368,188
2,3.48,0.368,188
2,3.48,0.367,188
2,3.49,0.367,188
2,3.49,0.366,188
2,3.49,0.364,188
2,3.49,0.363,188
2,3.49,0.362,188
2,3.50,0.361,188
2,3.50,0.360,188
2,3.50,0.359,188
2,3.50,0.358,188
2,3.50,0.358,188
2,3.51,0.357,188
2,3.51,0.357,188
2,3.51,0.356,188
2,3.51,0.356,188
2,3.51,0.355,188
2,3.52,0.355,188
2,3.52,0.354,188
2,3.52,0.353,188
2,3.52,0.353,188
2,3.52,0.353,188
2,3.53,0.352,188
2,3.53,0.351,188
2,3.53,0.351,188
2,3.53,0.350,188
2,3.53,0.349,188
2,3.54,0.349,188
2,3.54,0.349,188
2,3.54,0.348,188
2,3.54,0.348,188
2,3.54,0.348,188
2,3.55,0.346,188
2,3.55,0.344,188
2,3.55,0.343,188
2,3.55,0.344,188
2,3.55,0.343,188
2,3.56,0.342,188
2,3.56,0.341,188
2,3.56,0.341,188
2,3.56,0.341,188
2,3.56,0.341,188
2,3.57,0.342,188
2,3.57,0.342,188
2,3.57,0.342,188
2,3.57,0.342,188
2,3.57,0.343,188
2,3.58,0.343,188
2,3.58,0.344,188
2,3.58,0.344,188
2,3.58,0.343,188
2,3.58,0.342,188
2,3.59,0.342,188
2,3.59,0.340,188
2,3.59,0.337,188
2,3.59,0.336,188
2,3.59,0.336,188
2,3.60,0.335,188
2,3.60,0.334,188
2,3.60,0.332,188
2,3.60,0.331,188
2,3.60,0.330,188
2,3.61,0.329,188
2,3.61,0.327,188
2,3.61,0.326,188
2,3.61,0.325,188
2,3.61,0.324,188
2,3.62,0.323,188
2,3.62,0.322,188
2,3.62,0.322,188
2,3.62,0.321,188
2,3.62,0.322,188
2,3.63,0.327,188
2,3.63,0.329,188
2,3.63,0.329,188
2,3.63,0.329,188
2,3.63,0.329,188
2,3.64,0.329,188
2,3.64,0.330,188
2,3.64,0.331,188
2,3.64,0.331,188
2,3.64,0.331,188
2,3.65,0.331,188
2,3.65,0.332,188
2,3.65,0.332,188
2,3.65,0.330,188
2,3.65,0.326,188
2,3.66,0.325,188
2,3.66,0.326,188
2,3.66,0.325,188
2,3.66,0.325,188
2,3.66,0.326,188
2,3.66,0.327,188
2,3.67,0.326,188
2,3.67,0.327,188
2,3.67,0.328,188
2,3.67,0.331,188
2,3.67,0.333,188
2,3.68,0.336,188
2,3.68,0.338,188
2,3.68,0.340,188
2,3.68,0.342,188
2,3.68,0.341,188
2,3.69,0.339,188
2,3.69,0.338,188
2,3.69,0.337,188
2,3.73,0.432,188
2,3.74,0.432,188
2,3.74,0.429,188
2,3.74,0.425,188
2,3.76,0.397,188
2,3.76,0.369,188
2,3.78,0.401,188
2,3.79,0.432,188
2,3.79,0.430,188
2,3.79,0.422,188
2,3.80,0.414,188
2,3.80,0.408,188
2,3.81,0.390,188
2,3.82,0.373,188
2,3.82,0.371,188
2,3.82,0.368,188
2,3.82,0.363,188
2,3.83,0.358,188
2,3.83,0.354,188
2,3.84,0.326,188
2,3.85,0.300,188
2,3.85,0.300,188
2,3.85,0.301,188
2,3.85,0.301,188
2,3.85,0.301,188
2,3.86,0.302,188
2,3.86,0.302,188
2,3.86,0.302,188
2,3.86,0.302,188
2,3.86,0.305,188
2,3.88,0.336,188
2,3.89,0.367,188
2,3.89,0.372,188
2,3.89,0.375,188
2,3.89,0.378,188
2,3.89,0.379,188
2,3.90,0.378,188
2,3.90,0.379,188
2,3.90,0.380,188
2,3.90,0.381,188
2,3.90,0.381,188
2,3.91,0.382,188
2,3.91,0.384,188
2,3.91,0.385,188
2,3.91,0.385,188
2,3.91,0.385,188
2,3.92,0.385,188
2,3.92,0.385,188
2,3.92,0.383,188
2,3.92,0.381,188
2,3.92,0.381,188
2,3.93,0.383,188
2,3.93,0.384,188
2,3.93,0.384,188
2,3.93,0.386,188
2,3.93,0.389,188
2,3.94,0.392,188
2,3.94,0.394,188
2,3.97,0.389,188
2,3.98,0.383,188
2,3.98,0.382,188
2,3.98,0.382,188
2,3.98,0.385,188
2,4.00,0.512,188
2,4.00,0.513,188
2,4.01,0.517,188
2,4.01,0.525,188
2,4.02,0.531,188
2,4.02,0.533,188
2,4.02,0.535,188
2,4.02,0.539,188
2,4.02,0.545,188
2,4.03,0.550,188
2,4.03,0.555,188
2,4.03,0.557,188
2,4.04,0.557,188
2,4.04,0.557,188
2,4.04,0.559,188
2,4.04,0.559,188
2,4.04,0.559,188
2,4.05,0.559,188
2,4.05,0.562,188
2,4.05,0.565,188
2,4.05,0.564,188
2,4.05,0.564,188
2,4.05,0.567,188
2,4.06,0.570,188
2,4.06,0.572,188
2,4.06,0.571,188
2,4.06,0.569,188
2,4.06,0.569,188
2,4.07,0.569,188
2,4.07,0.571,188
2,4.07,0.574,188
2,4.07,0.575,188
2,4.07,0.573,188
2,4.08,0.573,188
2,4.08,0.574,188
2,4.08,0.574,188
2,4.08,0.571,188
2,4.08,0.568,188
2,4.09,0.566,188
2,4.09,0.566,188
2,4.09,0.565,188
2,4.09,0.566,188
2,4.09,0.569,188
2,4.10,0.569,188
2,4.10,0.566,188
2,4.10,0.563,188
2,4.10,0.561,188
2,4.10,0.559,188
2,4.11,0.557,188
2,4.11,0.556,188
2,4.11,0.555,188
2,4.11,0.552,188
2,4.12,0.545,188
2,4.12,0.536,188
2,4.12,0.530,188
2,4.16,0.313,188
2,4.16,0.313,188
2,4.17,0.313,188
2,4.18,0.311,188
2,4.19,0.308,188
2,4.19,0.307,188
2,4.19,0.307,188
2,4.19,0.307,188
2,4.19,0.307,188
2,4.20,0.308,188
2,4.20,0.308,188
2,4.20,0.307,188
2,4.20,0.306,188
2,4.22,0.221,188
2,4.23,0.221,188
2,4.23,0.221,188
2,4.23,0.220,188
2,4.23,0.220,188
2,4.23,0.220,188
2,4.24,0.220,188
2,4.24,0.221,188
2,4.24,0.221,188
2,4.24,0.221,188
2,4.24,0.222,188
2,4.25,0.222,188
2,4.25,0.223,188
2,4.25,0.223,188
2,4.25,0.222,188
2,4.25,0.221,188
2,4.26,0.221,188
2,4.26,0.221,188
2,4.26,0.221,188
2,4.26,0.221,188
2,4.26,0.222,188
2,4.27,0.223,188
2,4.27,0.223,188
2,4.27,0.223,188
2,4.27,0.222,188
2,4.27,0.222,188
2,4.28,0.222,188
2,4.28,0.222,188
2,4.28,0.223,188
2,4.28,0.223,188
2,4.28,0.224,188
2,4.29,0.224,188
2,4.29,0.224,188
2,4.29,0.225,188
2,4.29,0.224,188
2,4.29,0.223,188
2,4.30,0.222,188
2,4.30,0.221,188
2,4.30,0.220,188
2,4.30,0.220,188
2,4.30,0.219,188
2,4.31,0.219,188
2,4.31,0.219,188
2,4.31,0.219,188
2,4.31,0.219,188
2,4.31,0.219,188
2,4.32,0.219,188
2,4.32,0.219,188
2,4.32,0.218,188
2,4.32,0.218,188
2,4.32,0.220,188
2,4.33,0.223,188
2,4.33,0.226,188
2,4.33,0.227,188
2,4.33,0.227,188
2,4.33,0.226,188
2,4.34,0.227,188
2,4.34,0.226,188
2,4.34,0.224,188
2,4.34,0.223,188
2,4.34,0.224,188
2,4.35,0.223,188
2,4.35,0.225,188
2,4.35,0.228,188
2,4.35,0.227,188
2,4.36,0.227,188
2,4.36,0.227,188
2,4.36,0.228,188
2,4.36,0.230,188
2,4.36,0.231,188
2,4.37,0.231,188
2,4.37,0.230,188
2,4.37,0.229,188
2,4.37,0.228,188
2,4.37,0.228,188
2,4.38,0.229,188
2,4.38,0.229,188
2,4.38,0.229,188
2,4.39,0.235,188
2,4.41,0.340,188
2,4.42,0.353,188
2,4.49,0.723,188
2,4.49,0.725,188
2,4.53,0.432,188
2,4.53,0.431,188
2,4.54,0.432,188
2,4.54,0.436,188
2,4.57,1.025,188
2,4.57,1.027,188
2,4.57,1.028,188
2,4.57,1.026,188
2,4.58,1.028,188
2,4.58,1.029,188
2,4.58,1.030,188
2,4.58,1.031,188
2,4.58,1.031,188
2,4.59,1.031,188
2,4.59,1.031,188
2,4.59,1.031,188
2,4.59,1.030,188
2,4.59,1.027,188
2,4.60,1.022,188
2,4.60,1.019,188
2,4.60,1.019,188
2,4.60,1.020,188
2,4.60,1.020,188
2,4.61,1.019,188
2,4.61,1.016,188
2,4.61,1.013,188
2,4.61,1.012,188
2,4.61,1.012,188
2,4.62,1.011,188
2,4.62,1.011,188
2,4.62,1.008,188
2,4.62,1.004,188
2,4.63,0.999,188
2,4.63,0.993,188
2,4.63,0.987,188
2,4.70,0.416,188
2,4.71,0.413,188
2,4.71,0.408,188
2,4.71,0.403,188
2,4.72,0.397,188
2,4.72,0.391,188
2,4.74,0.304,188
2,4.74,0.304,188
2,4.74,0.301,188
2,4.75,0.298,188
2,4.75,0.295,188
2,4.76,0.270,188
2,4.77,0.245,188
2,4.78,0.232,188
2,4.78,0.220,188
2,4.79,0.203,188
2,4.80,0.182,188
2,4.81,0.170,188
2,4.81,0.166,188
2,4.81,0.169,188
2,4.81,0.171,188
2,4.82,0.178,188
2,4.82,0.183,188
2,4.82,0.182,188
2,4.82,0.182,188
2,4.82,0.184,188
2,4.83,0.186,188
2,4.83,0.187,188
2,4.83,0.189,188
2,4.83,0.189,188
2,4.83,0.189,188
2,4.84,0.189,188
2,4.84,0.190,188
2,4.84,0.189,188
2,4.84,0.188,188
2,4.84,0.187,188
2,4.85,0.187,188
2,4.85,0.186,188
2,4.85,0.184,188
2,4.85,0.183,188
2,4.85,0.182,188
2,4.86,0.181,188
2,4.86,0.182,188
2,4.86,0.183,188
2,4.86,0.184,188
2,4.86,0.184,188
2,4.87,0.184,188
2,4.87,0.182,188
2,4.88,0.177,188
2,4.88,0.177,188
2,4.89,0.182,188
2,4.89,0.185,188
2,4.90,0.197,188
2,4.90,0.208,188
2,4.90,0.211,188
2,4.90,0.212,188
2,4.91,0.212,188
2,4.91,0.213,188
2,4.91,0.214,188
2,4.91,0.214,188
2,4.91,0.215,188
2,4.92,0.216,188
2,4.92,0.216,188
2,4.92,0.216,188
2,4.93,0.223,188
2,4.93,0.230,188
2,4.93,0.231,188
2,4.94,0.232,188
2,4.94,0.238,188
2,4.95,0.243,188
2,4.95,0.242,188
2,4.95,0.247,188
2,4.95,0.252,188
2,4.96,0.251,188
2,4.97,0.241,188
2,4.97,0.235,188
2,4.97,0.239,188
2,4.97,0.239,188
2,4.97,0.238,188
2,4.97,0.236,188
2,4.98,0.233,188
2,4.98,0.228,188
2,4.99,0.222,188
2,4.99,0.219,188
2,4.99,0.219,188
2,4.99,0.219,188
2,4.99,0.219,188
2,5.00,0.219,188
2,5.00,0.218,188
2,5.00,0.220,188
2,5.00,0.221,188
2,5.01,0.224,188
2,5.01,0.226,188
2,5.01,0.226,188
2,5.01,0.228,188
2,5.01,0.229,188
2,5.02,0.230,188
2,5.02,0.231,188
2,5.02,0.232,188
2,5.02,0.232,188
2,5.02,0.232,188
2,5.03,0.233,188
2,5.03,0.234,188
2,5.03,0.234,188
2,5.03,0.235,188
2,5.03,0.235,188
2,5.04,0.236,188
2,5.04,0.236,188
2,5.04,0.237,188
2,5.04,0.238,188
2,5.04,0.238,188
2,5.05,0.238,188
2,5.05,0.238,188
2,5.05,0.237,188
2,5.05,0.237,188
2,5.05,0.237,188
2,5.06,0.237,188
2,5.06,0.238,188
2,5.06,0.239,188
2,5.06,0.239,188
2,5.06,0.240,188
2,5.07,0.243,188
2,5.07,0.245,188
2,5.07,0.250,188
2,5.07,0.254,188
2,5.08,0.254,188
2,5.08,0.253,188
2,5.08,0.253,188
2,5.08,0.254,188
2,5.08,0.254,188
2,5.09,0.256,188
2,5.09,0.258,188
2,5.09,0.259,188
2,5.09,0.259,188
2,5.09,0.260,188
2,5.10,0.260,188
2,5.10,0.261,188
2,5.10,0.262,188
2,5.10,0.263,188
2,5.10,0.264,188
2,5.11,0.264,188
2,5.11,0.264,188
2,5.11,0.264,188
2,5.11,0.265,188
2,5.11,0.265,188
2,5.12,0.265,188
2,5.12,0.267,188
2,5.12,0.268,188
2,5.12,0.270,188
2,5.12,0.274,188
2,5.13,0.276,188
2,5.13,0.275,188
2,5.13,0.274,188
2,5.13,0.272,188
2,5.13,0.272,188
2,5.14,0.275,188
2,5.14,0.277,188
2,5.14,0.277,188
2,5.14,0.277,188
2,5.14,0.277,188
2,5.15,0.277,188
2,5.15,0.278,188
2,5.15,0.278,188
2,5.15,0.278,188
2,5.15,0.277,188
2,5.16,0.274,188
2,5.16,0.274,188
2,5.16,0.274,188
2,5.16,0.272,188
2,5.16,0.273,188
2,5.17,0.276,188
2,5.17,0.277,188
2,5.17,0.278,188
2,5.17,0.278,188
2,5.17,0.277,188
2,5.18,0.277,188
2,5.18,0.276,188
2,5.18,0.276,188
2,5.18,0.276,188
2,5.18,0.277,188
2,5.19,0.283,188
2,5.19,0.288,188
2,5.19,0.287,188
2,5.19,0.288,188
2,5.20,0.290,188
2,5.20,0.290,188
2,5.20,0.291,188
2,5.20,0.292,188
2,5.20,0.293,188
2,5.21,0.294,188
2,5.21,0.294,188
2,5.21,0.294,188
2,5.21,0.295,188
2,5.21,0.295,188
2,5.21,0.295,188
2,5.22,0.295,188
2,5.22,0.295,188
2,5.22,0.296,188
2,5.22,0.296,188
2,5.23,0.296,188
2,5.23,0.298,188
2,5.23,0.301,188
2,5.23,0.304,188
2,5.23,0.307,188
2,5.23,0.308,188
2,5.24,0.307,188
2,5.24,0.307,188
2,5.24,0.308,188
2,5.24,0.309,188
2,5.24,0.309,188
2,5.25,0.309,188
2,5.25,0.309,188
2,5.25,0.309,188
2,5.25,0.309,188
2,5.25,0.309,188
2,5.26,0.308,188
2,5.26,0.308,188
2,5.26,0.308,188
2,5.26,0.308,188
2,5.26,0.307,188
2,5.27,0.305,188
2,5.27,0.303,188
2,5.27,0.303,188
2,5.27,0.304,188
2,5.27,0.305,188
2,5.28,0.306,188
2,5.28,0.306,188
2,5.28,0.306,188
2,5.28,0.305,188
2,5.28,0.304,188
2,5.29,0.303,188
2,5.29,0.306,188
2,5.29,0.306,188
2,5.29,0.304,188
2,5.29,0.304,188
2,5.30,0.307,188
2,5.30,0.308,188
2,5.30,0.309,188
2,5.30,0.309,188
2,5.30,0.309,188
2,5.31,0.310,188
2,5.31,0.311,188
2,5.31,0.312,188
2,5.31,0.314,188
2,5.32,0.315,188
2,5.32,0.316,188
2,5.32,0.316,188
2,5.32,0.317,188
2,5.32,0.319,188
2,5.33,0.322,188
2,5.33,0.327,188
2,5.33,0.328,188
2,5.33,0.327,188
2,5.33,0.326,188
2,5.34,0.327,188
2,5.34,0.328,188
2,5.34,0.328,188
2,5.34,0.329,188
2,5.34,0.329,188
2,5.35,0.329,188
2,5.35,0.329,188
2,5.35,0.329,188
2,5.35,0.330,188
2,5.35,0.331,188
2,5.36,0.333,188
2,5.36,0.334,188
2,5.36,0.334,188
2,5.36,0.335,188
2,5.36,0.336,188
2,5.37,0.337,188
2,5.37,0.338,188
2,5.37,0.341,188
2,5.37,0.345,188
2,5.37,0.347,188
2,5.38,0.347,188
2,5.38,0.347,188
2,5.38,0.346,188
2,5.38,0.346,188
2,5.38,0.347,188
2,5.39,0.348,188
2,5.39,0.348,188
2,5.39,0.348,188
2,5.39,0.349,188
2,5.39,0.351,188
2,5.39,0.354,188
2,5.40,0.357,188
2,5.40,0.357,188
2,5.40,0.356,188
2,5.40,0.357,188
2,5.40,0.358,188
2,5.41,0.358,188
2,5.41,0.358,188
2,5.41,0.360,188
2,5.41,0.362,188
2,5.42,0.365,188
2,5.42,0.370,188
2,5.42,0.376,188
2,5.42,0.382,188
2,5.43,0.387,188
2,5.51,0.749,188
2,5.51,0.750,188
2,5.52,0.754,188
2,5.52,0.760,188
2,5.53,0.787,188
2,5.55,0.880,188
2,5.55,0.885,188
2,5.57,1.005,188
2,5.57,1.003,188
2,5.57,1.002,188
2,5.57,0.999,188
2,5.57,0.997,188
2,5.58,0.997,188
2,5.58,0.997,188
2,5.60,0.883,188
2,5.67,0.415,188
2,5.67,0.412,188
2,5.67,0.409,188
2,5.68,0.402,188
2,5.68,0.394,188
2,5.68,0.391,188
2,5.68,0.389,188
2,5.69,0.388,188
2,5.69,0.388,188
2,5.69,0.388,188
2,5.69,0.387,188
2,5.69,0.386,188
2,5.70,0.383,188
2,5.70,0.382,188
2,5.70,0.383,188
2,5.70,0.386,188
2,5.70,0.384,188
2,5.71,0.381,188
2,5.71,0.380,188
2,5.71,0.381,188
2,5.71,0.382,188
2,5.71,0.385,188
2,5.72,0.384,188
2,5.72,0.382,188
2,5.72,0.379,188
2,5.72,0.375,188
2,5.72,0.372,188
2,5.72,0.369,188
2,5.73,0.368,188
2,5.76,0.225,188
2,5.78,0.211,188
2,5.78,0.198,188
2,5.78,0.197,188
2,5.78,0.197,188
2,5.82,0.338,188
2,5.82,0.339,188
2,5.82,0.344,188
2,5.82,0.346,188
2,5.83,0.346,188
2,5.83,0.348,188
2,5.83,0.352,188
2,5.84,0.363,188
2,5.84,0.372,188
2,5.84,0.374,188
2,5.84,0.377,188
2,5.85,0.380,188
2,5.85,0.383,188
2,5.85,0.389,188
2,5.85,0.392,188
2,5.86,0.395,188
2,5.91,1.612,188
2,5.91,1.612,188
2,5.92,1.612,188
2,5.92,1.612,188
2,5.92,1.608,188
2,5.92,1.604,188
2,5.92,1.603,188
2,5.94,1.333,188
2,5.95,1.333,188
2,5.95,1.333,188
2,5.95,1.332,188
2,5.95,1.332,188
2,5.95,1.333,188
2,5.96,1.334,188
2,5.96,1.335,188
2,5.96,1.335,188
2,5.96,1.337,188
2,5.96,1.338,188
2,5.97,1.342,188
2,5.98,1.499,188
2,5.98,1.497,188
2,5.98,1.493,188
2,5.98,1.490,188
2,5.99,1.490,188
2,5.99,1.494,188
2,5.99,1.498,188
2,5.99,1.497,188
2,5.99,1.493,188
2,5.99,1.488,188
2,6.00,1.492,188
2,6.00,1.502,188
2,6.00,1.513,188
2,6.00,1.521,188
2,6.01,1.522,188
2,6.01,1.518,188
2,6.01,1.515,188
2,6.01,1.514,188
2,6.01,1.514,188
2,6.02,1.514,188
2,6.02,1.514,188
2,6.02,1.513,188
2,6.02,1.510,188
2,6.02,1.506,188
2,6.03,1.503,188
2,6.03,1.501,188
2,6.03,1.498,188
2,6.03,1.494,188
2,6.03,1.492,188
2,6.04,1.490,188
2,6.07,1.007,188
2,6.07,1.006,188
2,6.07,1.006,188
2,6.07,1.006,188
2,6.08,1.006,188
2,6.08,1.004,188
2,6.08,1.001,188
2,6.08,1.000,188
2,6.08,0.999,188
2,6.09,0.998,188
2,6.09,0.997,188
2,6.09,0.996,188
2,6.09,0.996,188
2,6.09,0.995,188
2,6.09,0.995,188
2,6.10,0.995,188
2,6.10,0.996,188
2,6.10,0.997,188
2,6.10,0.999,188
2,6.10,1.003,188
2,6.11,1.004,188
2,6.11,1.003,188
2,6.11,1.003,188
2,6.11,1.003,188
2,6.11,1.005,188
2,6.12,1.007,188
2,6.12,1.012,188
2,6.12,1.020,188
2,6.13,1.029,188
2,6.13,1.038,188
2,6.14,1.050,188
2,6.14,1.065,188
2,6.15,1.072,188
2,6.15,1.071,188
2,6.15,1.070,188
2,6.15,1.071,188
2,6.15,1.070,188
2,6.16,1.069,188
2,6.16,1.068,188
2,6.16,1.067,188
2,6.16,1.067,188
2,6.16,1.067,188
2,6.17,1.066,188
2,6.17,1.066,188
2,6.17,1.067,188
2,6.17,1.070,188
2,6.17,1.070,188
2,6.18,1.068,188
2,6.18,1.068,188
2,6.18,1.070,188
2,6.18,1.072,188
2,6.18,1.076,188
2,6.22,1.109,188
2,6.23,1.139,188
2,6.23,1.138,188
2,6.23,1.137,188
2,6.23,1.135,188
2,6.23,1.134,188
2,6.24,1.132,188
2,6.24,1.129,188
2,6.24,1.126,188
2,6.24,1.127,188
2,6.24,1.128,188
2,6.25,1.129,188
2,6.25,1.129,188
2,6.25,1.128,188
2,6.25,1.127,188
2,6.25,1.127,188
2,6.26,1.127,188
2,6.26,1.127,188
2,6.26,1.127,188
2,6.26,1.127,188
2,6.26,1.129,188
2,6.26,1.131,188
2,6.27,1.131,188
2,6.27,1.131,188
2,6.27,1.134,188
2,6.27,1.137,188
2,6.27,1.138,188
2,6.28,1.139,188
2,6.28,1.142,188
2,6.28,1.148,188
